date,entity_name,team_abbr,n_challenges_off,n_overturns_off,rate_overturns_off,n_challenges_def,n_overturns_def,rate_overturns_def
2026-06-06,Houston Astros,HOU,69,41,0.5942028985507246,71,34,0.4788732394366197
2026-06-06,Kansas City Royals,KC,54,30,0.5555555555555556,82,49,0.5975609756097561
2026-06-06,Athletics,ATH,58,34,0.5862068965517241,87,48,0.5517241379310345
2026-06-06,Texas Rangers,TEX,55,30,0.5454545454545454,48,31,0.6458333333333334
2026-06-06,New York Mets,NYM,63,31,0.49206349206349204,70,39,0.5571428571428572
2026-06-06,Miami Marlins,MIA,47,26,0.5531914893617021,112,67,0.5982142857142857
2026-06-06,Detroit Tigers,DET,69,35,0.5072463768115942,53,38,0.7169811320754716
2026-06-06,Los Angeles Dodgers,LAD,52,26,0.5,65,40,0.6153846153846154
2026-06-06,Arizona Diamondbacks,AZ,52,27,0.5192307692307693,55,36,0.6545454545454545
2026-06-06,Baltimore Orioles,BAL,66,34,0.5151515151515151,45,21,0.4666666666666667
2026-06-06,Milwaukee Brewers,MIL,44,18,0.4090909090909091,87,51,0.5862068965517241
2026-06-06,Chicago Cubs,CHC,58,25,0.43103448275862066,68,48,0.7058823529411765
2026-06-06,Cincinnati Reds,CIN,64,32,0.5,58,39,0.6724137931034483
2026-06-06,New York Yankees,NYY,69,33,0.4782608695652174,74,44,0.5945945945945946
2026-06-06,Chicago White Sox,CWS,56,26,0.4642857142857143,100,48,0.48
2026-06-06,Philadelphia Phillies,PHI,64,28,0.4375,58,36,0.6206896551724138
2026-06-06,Toronto Blue Jays,TOR,60,30,0.5,57,29,0.5087719298245614
2026-06-06,St. Louis Cardinals,STL,51,21,0.4117647058823529,66,44,0.6666666666666666
2026-06-06,San Diego Padres,SD,45,20,0.4444444444444444,71,45,0.6338028169014085
2026-06-06,Washington Nationals,WSH,55,23,0.41818181818181815,69,33,0.4782608695652174
2026-06-06,San Francisco Giants,SF,62,29,0.46774193548387094,64,31,0.484375
2026-06-06,Tampa Bay Rays,TB,54,24,0.4444444444444444,76,42,0.5526315789473685
2026-06-06,Boston Red Sox,BOS,54,22,0.4074074074074074,41,21,0.5121951219512195
2026-06-06,Minnesota Twins,MIN,83,37,0.4457831325301205,83,52,0.6265060240963856
2026-06-06,Seattle Mariners,SEA,65,27,0.4153846153846154,68,41,0.6029411764705882
2026-06-06,Atlanta Braves,ATL,58,23,0.39655172413793105,79,48,0.6075949367088608
2026-06-06,Los Angeles Angels,LAA,67,27,0.40298507462686567,80,47,0.5875
2026-06-06,Cleveland Guardians,CLE,71,26,0.36619718309859156,69,37,0.5362318840579711
2026-06-06,Pittsburgh Pirates,PIT,66,27,0.4090909090909091,52,24,0.46153846153846156
2026-06-06,Colorado Rockies,COL,73,30,0.410958904109589,79,49,0.620253164556962
2026-06-07,Houston Astros,HOU,69,41,0.5942028985507246,73,36,0.4931506849315068
2026-06-07,Kansas City Royals,KC,55,31,0.5636363636363636,84,50,0.5952380952380952
2026-06-07,Texas Rangers,TEX,55,30,0.5454545454545454,50,32,0.64
2026-06-07,New York Mets,NYM,65,32,0.49230769230769234,70,39,0.5571428571428572
2026-06-07,Athletics,ATH,61,35,0.5737704918032787,87,48,0.5517241379310345
2026-06-07,Arizona Diamondbacks,AZ,53,28,0.5283018867924528,56,36,0.6428571428571429
2026-06-07,Miami Marlins,MIA,48,26,0.5416666666666666,113,67,0.5929203539823009
2026-06-07,Cincinnati Reds,CIN,67,35,0.5223880597014925,58,39,0.6724137931034483
2026-06-07,Detroit Tigers,DET,70,35,0.5,54,38,0.7037037037037037
2026-06-07,Los Angeles Dodgers,LAD,53,26,0.49056603773584906,66,41,0.6212121212121212
2026-06-07,Chicago Cubs,CHC,59,26,0.4406779661016949,70,50,0.7142857142857143
2026-06-07,Baltimore Orioles,BAL,66,34,0.5151515151515151,47,22,0.46808510638297873
2026-06-07,Milwaukee Brewers,MIL,46,19,0.41304347826086957,89,53,0.5955056179775281
2026-06-07,New York Yankees,NYY,69,33,0.4782608695652174,74,44,0.5945945945945946
2026-06-07,Philadelphia Phillies,PHI,65,29,0.4461538461538462,59,37,0.6271186440677966
2026-06-07,Chicago White Sox,CWS,57,26,0.45614035087719296,100,48,0.48
2026-06-07,Toronto Blue Jays,TOR,60,30,0.5,57,29,0.5087719298245614
2026-06-07,St. Louis Cardinals,STL,51,21,0.4117647058823529,67,45,0.6716417910447762
2026-06-07,San Diego Padres,SD,45,20,0.4444444444444444,72,45,0.625
2026-06-07,Washington Nationals,WSH,55,23,0.41818181818181815,70,34,0.4857142857142857
2026-06-07,Boston Red Sox,BOS,54,22,0.4074074074074074,41,21,0.5121951219512195
2026-06-07,Minnesota Twins,MIN,84,37,0.44047619047619047,86,54,0.627906976744186
2026-06-07,San Francisco Giants,SF,63,29,0.4603174603174603,66,32,0.48484848484848486
2026-06-07,Tampa Bay Rays,TB,57,25,0.43859649122807015,76,42,0.5526315789473685
2026-06-07,Seattle Mariners,SEA,65,27,0.4153846153846154,69,41,0.5942028985507246
2026-06-07,Atlanta Braves,ATL,60,23,0.38333333333333336,79,48,0.6075949367088608
2026-06-07,Los Angeles Angels,LAA,68,27,0.39705882352941174,81,48,0.5925925925925926
2026-06-07,Cleveland Guardians,CLE,73,26,0.3561643835616438,69,37,0.5362318840579711
2026-06-07,Pittsburgh Pirates,PIT,68,27,0.39705882352941174,52,24,0.46153846153846156
2026-06-07,Colorado Rockies,COL,74,30,0.40540540540540543,81,50,0.6172839506172839
2026-06-08,Houston Astros,HOU,70,41,0.5857142857142857,74,36,0.4864864864864865
2026-06-08,Kansas City Royals,KC,57,31,0.543859649122807,86,52,0.6046511627906976
2026-06-08,Texas Rangers,TEX,57,31,0.543859649122807,51,33,0.6470588235294118
2026-06-08,Athletics,ATH,61,35,0.5737704918032787,88,49,0.5568181818181818
2026-06-08,New York Mets,NYM,65,32,0.49230769230769234,73,40,0.547945205479452
2026-06-08,Arizona Diamondbacks,AZ,55,30,0.5454545454545454,58,38,0.6551724137931034
2026-06-08,Los Angeles Dodgers,LAD,55,28,0.509090909090909,66,41,0.6212121212121212
2026-06-08,Detroit Tigers,DET,73,37,0.5068493150684932,57,40,0.7017543859649122
2026-06-08,Baltimore Orioles,BAL,68,36,0.5294117647058824,47,22,0.46808510638297873
2026-06-08,Chicago Cubs,CHC,62,28,0.45161290322580644,71,51,0.7183098591549296
2026-06-08,Miami Marlins,MIA,48,26,0.5416666666666666,113,67,0.5929203539823009
2026-06-08,Cincinnati Reds,CIN,68,35,0.5147058823529411,61,41,0.6721311475409836
2026-06-08,Milwaukee Brewers,MIL,46,19,0.41304347826086957,92,54,0.5869565217391305
2026-06-08,New York Yankees,NYY,69,33,0.4782608695652174,75,44,0.5866666666666667
2026-06-08,Philadelphia Phillies,PHI,65,29,0.4461538461538462,61,38,0.6229508196721312
2026-06-08,Chicago White Sox,CWS,58,27,0.46551724137931033,101,48,0.4752475247524752
2026-06-08,St. Louis Cardinals,STL,51,21,0.4117647058823529,67,45,0.6716417910447762
2026-06-08,San Diego Padres,SD,46,21,0.45652173913043476,75,47,0.6266666666666667
2026-06-08,Toronto Blue Jays,TOR,62,30,0.4838709677419355,57,29,0.5087719298245614
2026-06-08,Washington Nationals,WSH,55,23,0.41818181818181815,71,34,0.4788732394366197
2026-06-08,Boston Red Sox,BOS,56,24,0.42857142857142855,43,23,0.5348837209302325
2026-06-08,Minnesota Twins,MIN,85,38,0.4470588235294118,89,55,0.6179775280898876
2026-06-08,Tampa Bay Rays,TB,58,26,0.4482758620689655,78,42,0.5384615384615384
2026-06-08,San Francisco Giants,SF,64,29,0.453125,67,33,0.4925373134328358
2026-06-08,Seattle Mariners,SEA,67,28,0.417910447761194,70,41,0.5857142857142857
2026-06-08,Atlanta Braves,ATL,60,23,0.38333333333333336,81,49,0.6049382716049383
2026-06-08,Los Angeles Angels,LAA,71,30,0.4225352112676056,82,49,0.5975609756097561
2026-06-08,Cleveland Guardians,CLE,75,28,0.37333333333333335,73,39,0.5342465753424658
2026-06-08,Colorado Rockies,COL,75,31,0.41333333333333333,86,53,0.6162790697674418
2026-06-08,Pittsburgh Pirates,PIT,69,27,0.391304347826087,52,24,0.46153846153846156
2026-06-09,Houston Astros,HOU,70,41,0.5857142857142857,75,36,0.48
2026-06-09,Kansas City Royals,KC,57,31,0.543859649122807,86,52,0.6046511627906976
2026-06-09,Texas Rangers,TEX,57,31,0.543859649122807,51,33,0.6470588235294118
2026-06-09,New York Mets,NYM,65,32,0.49230769230769234,73,40,0.547945205479452
2026-06-09,Arizona Diamondbacks,AZ,55,30,0.5454545454545454,58,38,0.6551724137931034
2026-06-09,Athletics,ATH,65,36,0.5538461538461539,93,54,0.5806451612903226
2026-06-09,Cincinnati Reds,CIN,72,38,0.5277777777777778,63,43,0.6825396825396826
2026-06-09,Los Angeles Dodgers,LAD,55,28,0.509090909090909,66,41,0.6212121212121212
2026-06-09,Baltimore Orioles,BAL,71,38,0.5352112676056338,47,22,0.46808510638297873
2026-06-09,Detroit Tigers,DET,73,37,0.5068493150684932,57,40,0.7017543859649122
2026-06-09,Chicago Cubs,CHC,62,28,0.45161290322580644,71,51,0.7183098591549296
2026-06-09,Miami Marlins,MIA,48,26,0.5416666666666666,113,67,0.5929203539823009
2026-06-09,Milwaukee Brewers,MIL,47,19,0.40425531914893614,98,59,0.6020408163265306
2026-06-09,New York Yankees,NYY,70,34,0.4857142857142857,76,44,0.5789473684210527
2026-06-09,Philadelphia Phillies,PHI,68,31,0.45588235294117646,61,38,0.6229508196721312
2026-06-09,Chicago White Sox,CWS,58,27,0.46551724137931033,101,48,0.4752475247524752
2026-06-09,St. Louis Cardinals,STL,51,21,0.4117647058823529,67,45,0.6716417910447762
2026-06-09,San Diego Padres,SD,48,22,0.4583333333333333,77,48,0.6233766233766234
2026-06-09,Toronto Blue Jays,TOR,62,30,0.4838709677419355,57,29,0.5087719298245614
2026-06-09,Washington Nationals,WSH,56,23,0.4107142857142857,72,35,0.4861111111111111
2026-06-09,Boston Red Sox,BOS,57,24,0.42105263157894735,45,25,0.5555555555555556
2026-06-09,Minnesota Twins,MIN,85,38,0.4470588235294118,89,55,0.6179775280898876
2026-06-09,Tampa Bay Rays,TB,59,26,0.4406779661016949,82,46,0.5609756097560976
2026-06-09,San Francisco Giants,SF,65,29,0.4461538461538462,68,34,0.5
2026-06-09,Seattle Mariners,SEA,67,28,0.417910447761194,73,43,0.589041095890411
2026-06-09,Atlanta Braves,ATL,60,23,0.38333333333333336,81,49,0.6049382716049383
2026-06-09,Los Angeles Angels,LAA,72,30,0.4166666666666667,83,49,0.5903614457831325
2026-06-09,Cleveland Guardians,CLE,76,28,0.3684210526315789,74,39,0.527027027027027
2026-06-09,Colorado Rockies,COL,75,31,0.41333333333333333,86,53,0.6162790697674418
2026-06-09,Pittsburgh Pirates,PIT,69,27,0.391304347826087,52,24,0.46153846153846156
2026-06-10,Houston Astros,HOU,71,41,0.5774647887323944,75,36,0.48
2026-06-10,Kansas City Royals,KC,58,31,0.5344827586206896,87,53,0.6091954022988506
2026-06-10,Texas Rangers,TEX,57,31,0.543859649122807,52,33,0.6346153846153846
2026-06-10,New York Mets,NYM,65,32,0.49230769230769234,74,41,0.5540540540540541
2026-06-10,Los Angeles Dodgers,LAD,57,30,0.5263157894736842,68,43,0.6323529411764706
2026-06-10,Arizona Diamondbacks,AZ,55,30,0.5454545454545454,58,38,0.6551724137931034
2026-06-10,Athletics,ATH,65,36,0.5538461538461539,94,55,0.5851063829787234
2026-06-10,Cincinnati Reds,CIN,79,42,0.5316455696202531,63,43,0.6825396825396826
2026-06-10,Detroit Tigers,DET,73,37,0.5068493150684932,58,41,0.7068965517241379
2026-06-10,Miami Marlins,MIA,48,26,0.5416666666666666,116,68,0.5862068965517241
2026-06-10,Chicago Cubs,CHC,66,30,0.45454545454545453,72,52,0.7222222222222222
2026-06-10,Baltimore Orioles,BAL,73,38,0.5205479452054794,47,22,0.46808510638297873
2026-06-10,Milwaukee Brewers,MIL,48,20,0.4166666666666667,101,61,0.6039603960396039
2026-06-10,Philadelphia Phillies,PHI,69,32,0.463768115942029,61,38,0.6229508196721312
2026-06-10,New York Yankees,NYY,74,36,0.4864864864864865,78,46,0.5897435897435898
2026-06-10,Chicago White Sox,CWS,58,27,0.46551724137931033,103,49,0.47572815533980584
2026-06-10,St. Louis Cardinals,STL,52,22,0.4230769230769231,67,45,0.6716417910447762
2026-06-10,San Diego Padres,SD,48,22,0.4583333333333333,79,49,0.620253164556962
2026-06-10,Toronto Blue Jays,TOR,64,31,0.484375,57,29,0.5087719298245614
2026-06-10,Minnesota Twins,MIN,87,40,0.45977011494252873,92,57,0.6195652173913043
2026-06-10,Washington Nationals,WSH,58,25,0.43103448275862066,73,35,0.4794520547945205
2026-06-10,Tampa Bay Rays,TB,59,26,0.4406779661016949,82,46,0.5609756097560976
2026-06-10,San Francisco Giants,SF,67,31,0.4626865671641791,68,34,0.5
2026-06-10,Boston Red Sox,BOS,58,24,0.41379310344827586,47,27,0.574468085106383
2026-06-10,Seattle Mariners,SEA,67,28,0.417910447761194,75,45,0.6
2026-06-10,Atlanta Braves,ATL,60,23,0.38333333333333336,82,50,0.6097560975609756
2026-06-10,Los Angeles Angels,LAA,73,31,0.4246575342465753,84,49,0.5833333333333334
2026-06-10,Cleveland Guardians,CLE,78,29,0.3717948717948718,74,39,0.527027027027027
2026-06-10,Colorado Rockies,COL,75,31,0.41333333333333333,88,54,0.6136363636363636
2026-06-10,Pittsburgh Pirates,PIT,70,27,0.38571428571428573,55,26,0.4727272727272727
2026-06-11,Houston Astros,HOU,71,41,0.5774647887323944,78,38,0.48717948717948717
2026-06-11,Kansas City Royals,KC,60,32,0.5333333333333333,88,53,0.6022727272727273
2026-06-11,Los Angeles Dodgers,LAD,60,32,0.5333333333333333,70,44,0.6285714285714286
2026-06-11,New York Mets,NYM,68,34,0.5,76,43,0.5657894736842105
2026-06-11,Arizona Diamondbacks,AZ,56,31,0.5535714285714286,59,39,0.6610169491525424
2026-06-11,Texas Rangers,TEX,59,31,0.5254237288135594,54,34,0.6296296296296297
2026-06-11,Athletics,ATH,66,37,0.5606060606060606,95,55,0.5789473684210527
2026-06-11,Cincinnati Reds,CIN,80,43,0.5375,66,46,0.696969696969697
2026-06-11,Miami Marlins,MIA,48,26,0.5416666666666666,119,71,0.5966386554621849
2026-06-11,Detroit Tigers,DET,74,37,0.5,58,41,0.7068965517241379
2026-06-11,New York Yankees,NYY,76,38,0.5,79,46,0.5822784810126582
2026-06-11,Chicago Cubs,CHC,67,30,0.44776119402985076,73,53,0.726027397260274
2026-06-11,Baltimore Orioles,BAL,73,38,0.5205479452054794,48,22,0.4583333333333333
2026-06-11,Philadelphia Phillies,PHI,69,32,0.463768115942029,63,40,0.6349206349206349
2026-06-11,Milwaukee Brewers,MIL,48,20,0.4166666666666667,103,63,0.6116504854368932
2026-06-11,Chicago White Sox,CWS,58,27,0.46551724137931033,104,50,0.4807692307692308
2026-06-11,St. Louis Cardinals,STL,54,24,0.4444444444444444,67,45,0.6716417910447762
2026-06-11,San Diego Padres,SD,48,22,0.4583333333333333,81,50,0.6172839506172839
2026-06-11,Toronto Blue Jays,TOR,64,31,0.484375,57,29,0.5087719298245614
2026-06-11,Minnesota Twins,MIN,87,40,0.45977011494252873,95,58,0.6105263157894737
2026-06-11,Washington Nationals,WSH,60,26,0.43333333333333335,74,35,0.47297297297297297
2026-06-11,San Francisco Giants,SF,71,34,0.4788732394366197,68,34,0.5
2026-06-11,Tampa Bay Rays,TB,60,27,0.45,83,46,0.5542168674698795
2026-06-11,Boston Red Sox,BOS,60,25,0.4166666666666667,47,27,0.574468085106383
2026-06-11,Seattle Mariners,SEA,67,28,0.417910447761194,76,45,0.5921052631578947
2026-06-11,Atlanta Braves,ATL,60,23,0.38333333333333336,83,51,0.6144578313253012
2026-06-11,Los Angeles Angels,LAA,74,32,0.43243243243243246,84,49,0.5833333333333334
2026-06-11,Cleveland Guardians,CLE,80,30,0.375,74,39,0.527027027027027
2026-06-11,Colorado Rockies,COL,76,31,0.40789473684210525,89,54,0.6067415730337079
2026-06-11,Pittsburgh Pirates,PIT,70,27,0.38571428571428573,57,26,0.45614035087719296
2026-06-12,Houston Astros,HOU,71,41,0.5774647887323944,78,38,0.48717948717948717
2026-06-12,Kansas City Royals,KC,60,32,0.5333333333333333,88,53,0.6022727272727273
2026-06-12,Arizona Diamondbacks,AZ,57,32,0.5614035087719298,59,39,0.6610169491525424
2026-06-12,Texas Rangers,TEX,61,32,0.5245901639344263,57,37,0.6491228070175439
2026-06-12,New York Mets,NYM,69,34,0.4927536231884058,77,43,0.5584415584415584
2026-06-12,Athletics,ATH,66,37,0.5606060606060606,95,55,0.5789473684210527
2026-06-12,Cincinnati Reds,CIN,80,43,0.5375,66,46,0.696969696969697
2026-06-12,Los Angeles Dodgers,LAD,63,33,0.5238095238095238,70,44,0.6285714285714286
2026-06-12,Detroit Tigers,DET,74,37,0.5,59,42,0.711864406779661
2026-06-12,Chicago Cubs,CHC,67,30,0.44776119402985076,74,53,0.7162162162162162
2026-06-12,Baltimore Orioles,BAL,73,38,0.5205479452054794,49,22,0.4489795918367347
2026-06-12,New York Yankees,NYY,76,38,0.5,79,46,0.5822784810126582
2026-06-12,Miami Marlins,MIA,49,26,0.5306122448979592,121,73,0.6033057851239669
2026-06-12,Philadelphia Phillies,PHI,69,32,0.463768115942029,63,40,0.6349206349206349
2026-06-12,Milwaukee Brewers,MIL,48,20,0.4166666666666667,103,63,0.6116504854368932
2026-06-12,Chicago White Sox,CWS,58,27,0.46551724137931033,104,50,0.4807692307692308
2026-06-12,St. Louis Cardinals,STL,54,24,0.4444444444444444,68,45,0.6617647058823529
2026-06-12,San Diego Padres,SD,48,22,0.4583333333333333,81,50,0.6172839506172839
2026-06-12,Toronto Blue Jays,TOR,64,31,0.484375,57,29,0.5087719298245614
2026-06-12,Minnesota Twins,MIN,88,40,0.45454545454545453,96,58,0.6041666666666666
2026-06-12,Washington Nationals,WSH,60,26,0.43333333333333335,74,35,0.47297297297297297
2026-06-12,San Francisco Giants,SF,71,34,0.4788732394366197,68,34,0.5
2026-06-12,Tampa Bay Rays,TB,60,27,0.45,83,46,0.5542168674698795
2026-06-12,Boston Red Sox,BOS,60,25,0.4166666666666667,47,27,0.574468085106383
2026-06-12,Seattle Mariners,SEA,67,28,0.417910447761194,77,45,0.5844155844155844
2026-06-12,Atlanta Braves,ATL,60,23,0.38333333333333336,83,51,0.6144578313253012
2026-06-12,Los Angeles Angels,LAA,74,32,0.43243243243243246,84,49,0.5833333333333334
2026-06-12,Cleveland Guardians,CLE,80,30,0.375,74,39,0.527027027027027
2026-06-12,Colorado Rockies,COL,77,31,0.4025974025974026,92,56,0.6086956521739131
2026-06-12,Pittsburgh Pirates,PIT,72,27,0.375,57,26,0.45614035087719296
2026-06-13,Houston Astros,HOU,72,42,0.5833333333333334,80,39,0.4875
2026-06-13,Kansas City Royals,KC,62,34,0.5483870967741935,91,55,0.6043956043956044
2026-06-13,Arizona Diamondbacks,AZ,57,32,0.5614035087719298,61,41,0.6721311475409836
2026-06-13,Cincinnati Reds,CIN,82,45,0.5487804878048781,68,48,0.7058823529411765
2026-06-13,Texas Rangers,TEX,61,32,0.5245901639344263,57,37,0.6491228070175439
2026-06-13,New York Mets,NYM,69,34,0.4927536231884058,77,43,0.5584415584415584
2026-06-13,Los Angeles Dodgers,LAD,65,34,0.5230769230769231,70,44,0.6285714285714286
2026-06-13,Athletics,ATH,67,37,0.5522388059701493,96,55,0.5729166666666666
2026-06-13,Detroit Tigers,DET,74,37,0.5,60,42,0.7
2026-06-13,Miami Marlins,MIA,50,27,0.54,122,73,0.5983606557377049
2026-06-13,Chicago Cubs,CHC,67,30,0.44776119402985076,75,54,0.72
2026-06-13,New York Yankees,NYY,80,40,0.5,81,48,0.5925925925925926
2026-06-13,Baltimore Orioles,BAL,73,38,0.5205479452054794,50,22,0.44
2026-06-13,Philadelphia Phillies,PHI,69,32,0.463768115942029,64,40,0.625
2026-06-13,Milwaukee Brewers,MIL,48,20,0.4166666666666667,107,65,0.6074766355140186
2026-06-13,St. Louis Cardinals,STL,57,27,0.47368421052631576,69,45,0.6521739130434783
2026-06-13,Chicago White Sox,CWS,58,27,0.46551724137931033,105,51,0.4857142857142857
2026-06-13,San Diego Padres,SD,48,22,0.4583333333333333,81,50,0.6172839506172839
2026-06-13,Minnesota Twins,MIN,92,43,0.4673913043478261,98,60,0.6122448979591837
2026-06-13,Toronto Blue Jays,TOR,64,31,0.484375,59,30,0.5084745762711864
2026-06-13,Washington Nationals,WSH,60,26,0.43333333333333335,75,36,0.48
2026-06-13,Tampa Bay Rays,TB,61,28,0.45901639344262296,84,47,0.5595238095238095
2026-06-13,San Francisco Giants,SF,71,34,0.4788732394366197,73,38,0.5205479452054794
2026-06-13,Boston Red Sox,BOS,62,27,0.43548387096774194,48,28,0.5833333333333334
2026-06-13,Seattle Mariners,SEA,67,28,0.417910447761194,77,45,0.5844155844155844
2026-06-13,Atlanta Braves,ATL,61,24,0.39344262295081966,86,53,0.6162790697674418
2026-06-13,Los Angeles Angels,LAA,74,32,0.43243243243243246,86,51,0.5930232558139535
2026-06-13,Cleveland Guardians,CLE,80,30,0.375,75,39,0.52
2026-06-13,Colorado Rockies,COL,78,31,0.3974358974358974,92,56,0.6086956521739131
2026-06-13,Pittsburgh Pirates,PIT,73,27,0.3698630136986301,57,26,0.45614035087719296
2026-06-14,Houston Astros,HOU,74,44,0.5945945945945946,82,40,0.4878048780487805
2026-06-14,Kansas City Royals,KC,63,34,0.5396825396825397,92,55,0.5978260869565217
2026-06-14,Arizona Diamondbacks,AZ,59,34,0.576271186440678,61,41,0.6721311475409836
2026-06-14,Cincinnati Reds,CIN,82,45,0.5487804878048781,71,51,0.7183098591549296
2026-06-14,Texas Rangers,TEX,63,33,0.5238095238095238,58,38,0.6551724137931034
2026-06-14,Detroit Tigers,DET,76,39,0.5131578947368421,60,42,0.7
2026-06-14,New York Mets,NYM,72,35,0.4861111111111111,77,43,0.5584415584415584
2026-06-14,Los Angeles Dodgers,LAD,66,34,0.5151515151515151,70,44,0.6285714285714286
2026-06-14,Athletics,ATH,67,37,0.5522388059701493,98,56,0.5714285714285714
2026-06-14,Miami Marlins,MIA,52,29,0.5576923076923077,123,73,0.5934959349593496
2026-06-14,Baltimore Orioles,BAL,73,38,0.5205479452054794,52,23,0.4423076923076923
2026-06-14,Milwaukee Brewers,MIL,48,20,0.4166666666666667,109,65,0.5963302752293578
2026-06-14,Chicago White Sox,CWS,60,29,0.48333333333333334,106,51,0.4811320754716981
2026-06-14,New York Yankees,NYY,81,40,0.49382716049382713,82,48,0.5853658536585366
2026-06-14,Philadelphia Phillies,PHI,70,32,0.45714285714285713,64,40,0.625
2026-06-14,Chicago Cubs,CHC,69,30,0.43478260869565216,75,54,0.72
2026-06-14,St. Louis Cardinals,STL,57,27,0.47368421052631576,70,45,0.6428571428571429
2026-06-14,San Diego Padres,SD,48,22,0.4583333333333333,82,51,0.6219512195121951
2026-06-14,Minnesota Twins,MIN,94,45,0.4787234042553192,99,61,0.6161616161616161
2026-06-14,Toronto Blue Jays,TOR,65,31,0.47692307692307695,60,30,0.5
2026-06-14,San Francisco Giants,SF,72,35,0.4861111111111111,74,38,0.5135135135135135
2026-06-14,Washington Nationals,WSH,60,26,0.43333333333333335,78,37,0.47435897435897434
2026-06-14,Tampa Bay Rays,TB,61,28,0.45901639344262296,84,47,0.5595238095238095
2026-06-14,Boston Red Sox,BOS,63,27,0.42857142857142855,50,29,0.58
2026-06-14,Atlanta Braves,ATL,62,25,0.4032258064516129,88,54,0.6136363636363636
2026-06-14,Seattle Mariners,SEA,68,28,0.4117647058823529,78,46,0.5897435897435898
2026-06-14,Los Angeles Angels,LAA,75,33,0.44,87,52,0.5977011494252874
2026-06-14,Cleveland Guardians,CLE,81,30,0.37037037037037035,76,39,0.5131578947368421
2026-06-14,Colorado Rockies,COL,79,31,0.3924050632911392,92,56,0.6086956521739131
2026-06-14,Pittsburgh Pirates,PIT,74,27,0.36486486486486486,57,26,0.45614035087719296
2026-06-15,Houston Astros,HOU,75,44,0.5866666666666667,82,40,0.4878048780487805
2026-06-15,Kansas City Royals,KC,63,34,0.5396825396825397,93,56,0.6021505376344086
2026-06-15,Arizona Diamondbacks,AZ,60,34,0.5666666666666667,62,41,0.6612903225806451
2026-06-15,Cincinnati Reds,CIN,84,47,0.5595238095238095,72,52,0.7222222222222222
2026-06-15,Texas Rangers,TEX,65,34,0.5230769230769231,58,38,0.6551724137931034
2026-06-15,Los Angeles Dodgers,LAD,67,35,0.5223880597014925,70,44,0.6285714285714286
2026-06-15,Detroit Tigers,DET,76,39,0.5131578947368421,60,42,0.7
2026-06-15,Athletics,ATH,67,37,0.5522388059701493,102,58,0.5686274509803921
2026-06-15,Miami Marlins,MIA,53,29,0.5471698113207547,124,74,0.5967741935483871
2026-06-15,New York Mets,NYM,74,35,0.47297297297297297,77,43,0.5584415584415584
2026-06-15,Baltimore Orioles,BAL,75,39,0.52,54,24,0.4444444444444444
2026-06-15,New York Yankees,NYY,81,40,0.49382716049382713,84,49,0.5833333333333334
2026-06-15,Philadelphia Phillies,PHI,72,33,0.4583333333333333,65,41,0.6307692307692307
2026-06-15,Milwaukee Brewers,MIL,48,20,0.4166666666666667,111,67,0.6036036036036037
2026-06-15,Chicago Cubs,CHC,70,30,0.42857142857142855,75,54,0.72
2026-06-15,St. Louis Cardinals,STL,59,28,0.4745762711864407,71,46,0.647887323943662
2026-06-15,Chicago White Sox,CWS,61,29,0.47540983606557374,108,52,0.48148148148148145
2026-06-15,San Diego Padres,SD,49,22,0.4489795918367347,82,51,0.6219512195121951
2026-06-15,Minnesota Twins,MIN,96,46,0.4791666666666667,103,64,0.6213592233009708
2026-06-15,Toronto Blue Jays,TOR,66,32,0.48484848484848486,62,30,0.4838709677419355
2026-06-15,San Francisco Giants,SF,72,35,0.4861111111111111,74,38,0.5135135135135135
2026-06-15,Tampa Bay Rays,TB,61,28,0.45901639344262296,86,49,0.5697674418604651
2026-06-15,Washington Nationals,WSH,61,26,0.4262295081967213,79,37,0.46835443037974683
2026-06-15,Boston Red Sox,BOS,64,27,0.421875,51,29,0.5686274509803921
2026-06-15,Atlanta Braves,ATL,62,25,0.4032258064516129,88,54,0.6136363636363636
2026-06-15,Seattle Mariners,SEA,68,28,0.4117647058823529,79,46,0.5822784810126582
2026-06-15,Los Angeles Angels,LAA,77,33,0.42857142857142855,88,53,0.6022727272727273
2026-06-15,Cleveland Guardians,CLE,81,30,0.37037037037037035,76,39,0.5131578947368421
2026-06-15,Pittsburgh Pirates,PIT,76,28,0.3684210526315789,57,26,0.45614035087719296
2026-06-15,Colorado Rockies,COL,80,31,0.3875,95,58,0.6105263157894737
2026-06-16,Houston Astros,HOU,77,44,0.5714285714285714,82,40,0.4878048780487805
2026-06-16,Kansas City Royals,KC,65,35,0.5384615384615384,93,56,0.6021505376344086
2026-06-16,Arizona Diamondbacks,AZ,60,34,0.5666666666666667,62,41,0.6612903225806451
2026-06-16,Cincinnati Reds,CIN,85,47,0.5529411764705883,73,52,0.7123287671232876
2026-06-16,Texas Rangers,TEX,66,34,0.5151515151515151,60,39,0.65
2026-06-16,Detroit Tigers,DET,77,40,0.5194805194805194,61,42,0.6885245901639344
2026-06-16,Los Angeles Dodgers,LAD,67,35,0.5223880597014925,73,47,0.6438356164383562
2026-06-16,Athletics,ATH,69,38,0.5507246376811594,104,60,0.5769230769230769
2026-06-16,New York Mets,NYM,75,36,0.48,79,43,0.5443037974683544
2026-06-16,Baltimore Orioles,BAL,75,39,0.52,54,24,0.4444444444444444
2026-06-16,Philadelphia Phillies,PHI,72,33,0.4583333333333333,65,41,0.6307692307692307
2026-06-16,Miami Marlins,MIA,54,29,0.5370370370370371,124,74,0.5967741935483871
2026-06-16,New York Yankees,NYY,81,40,0.49382716049382713,84,49,0.5833333333333334
2026-06-16,Milwaukee Brewers,MIL,48,20,0.4166666666666667,111,67,0.6036036036036037
2026-06-16,St. Louis Cardinals,STL,59,28,0.4745762711864407,71,46,0.647887323943662
2026-06-16,Chicago Cubs,CHC,70,30,0.42857142857142855,76,54,0.7105263157894737
2026-06-16,Chicago White Sox,CWS,61,29,0.47540983606557374,108,52,0.48148148148148145
2026-06-16,San Diego Padres,SD,49,22,0.4489795918367347,82,51,0.6219512195121951
2026-06-16,Minnesota Twins,MIN,97,46,0.4742268041237113,104,64,0.6153846153846154
2026-06-16,Toronto Blue Jays,TOR,66,32,0.48484848484848486,62,30,0.4838709677419355
2026-06-16,San Francisco Giants,SF,72,35,0.4861111111111111,74,38,0.5135135135135135
2026-06-16,Washington Nationals,WSH,61,26,0.4262295081967213,81,37,0.4567901234567901
2026-06-16,Tampa Bay Rays,TB,63,28,0.4444444444444444,86,49,0.5697674418604651
2026-06-16,Boston Red Sox,BOS,64,27,0.421875,51,29,0.5686274509803921
2026-06-16,Atlanta Braves,ATL,62,25,0.4032258064516129,88,54,0.6136363636363636
2026-06-16,Seattle Mariners,SEA,68,28,0.4117647058823529,79,46,0.5822784810126582
2026-06-16,Los Angeles Angels,LAA,78,33,0.4230769230769231,89,53,0.5955056179775281
2026-06-16,Cleveland Guardians,CLE,81,30,0.37037037037037035,76,39,0.5131578947368421
2026-06-16,Pittsburgh Pirates,PIT,77,28,0.36363636363636365,58,26,0.4482758620689655
2026-06-16,Colorado Rockies,COL,81,31,0.38271604938271603,96,58,0.6041666666666666
2026-06-17,Houston Astros,HOU,79,44,0.5569620253164557,82,40,0.4878048780487805
2026-06-17,Kansas City Royals,KC,67,36,0.5373134328358209,94,56,0.5957446808510638
2026-06-17,Cincinnati Reds,CIN,85,47,0.5529411764705883,74,52,0.7027027027027027
2026-06-17,Arizona Diamondbacks,AZ,60,34,0.5666666666666667,64,43,0.671875
2026-06-17,Detroit Tigers,DET,78,41,0.5256410256410257,62,43,0.6935483870967742
2026-06-17,Los Angeles Dodgers,LAD,68,36,0.5294117647058824,74,48,0.6486486486486487
2026-06-17,Athletics,ATH,71,39,0.5492957746478874,106,62,0.5849056603773585
2026-06-17,Texas Rangers,TEX,67,34,0.5074626865671642,61,39,0.639344262295082
2026-06-17,New York Mets,NYM,76,36,0.47368421052631576,80,43,0.5375
2026-06-17,St. Louis Cardinals,STL,60,29,0.48333333333333334,72,47,0.6527777777777778
2026-06-17,Philadelphia Phillies,PHI,74,34,0.4594594594594595,66,42,0.6363636363636364
2026-06-17,Milwaukee Brewers,MIL,48,20,0.4166666666666667,113,67,0.5929203539823009
2026-06-17,Baltimore Orioles,BAL,76,39,0.5131578947368421,54,24,0.4444444444444444
2026-06-17,New York Yankees,NYY,82,41,0.5,85,50,0.5882352941176471
2026-06-17,Miami Marlins,MIA,55,29,0.5272727272727272,125,74,0.592
2026-06-17,Chicago White Sox,CWS,61,29,0.47540983606557374,109,52,0.47706422018348627
2026-06-17,Chicago Cubs,CHC,72,30,0.4166666666666667,76,54,0.7105263157894737
2026-06-17,San Diego Padres,SD,50,22,0.44,83,52,0.6265060240963856
2026-06-17,Minnesota Twins,MIN,97,46,0.4742268041237113,108,67,0.6203703703703703
2026-06-17,Toronto Blue Jays,TOR,66,32,0.48484848484848486,63,30,0.47619047619047616
2026-06-17,San Francisco Giants,SF,72,35,0.4861111111111111,74,38,0.5135135135135135
2026-06-17,Tampa Bay Rays,TB,64,29,0.453125,87,50,0.5747126436781609
2026-06-17,Washington Nationals,WSH,61,26,0.4262295081967213,81,37,0.4567901234567901
2026-06-17,Boston Red Sox,BOS,67,29,0.43283582089552236,52,30,0.5769230769230769
2026-06-17,Atlanta Braves,ATL,62,25,0.4032258064516129,88,54,0.6136363636363636
2026-06-17,Seattle Mariners,SEA,69,28,0.4057971014492754,80,47,0.5875
2026-06-17,Los Angeles Angels,LAA,78,33,0.4230769230769231,90,54,0.6
2026-06-17,Cleveland Guardians,CLE,81,30,0.37037037037037035,76,39,0.5131578947368421
2026-06-17,Pittsburgh Pirates,PIT,77,28,0.36363636363636365,59,27,0.4576271186440678
2026-06-17,Colorado Rockies,COL,81,31,0.38271604938271603,96,58,0.6041666666666666
2026-06-18,Kansas City Royals,KC,70,38,0.5428571428571428,95,57,0.6
2026-06-18,Houston Astros,HOU,81,45,0.5555555555555556,85,42,0.49411764705882355
2026-06-18,Arizona Diamondbacks,AZ,61,35,0.5737704918032787,65,43,0.6615384615384615
2026-06-18,Cincinnati Reds,CIN,85,47,0.5529411764705883,74,52,0.7027027027027027
2026-06-18,Detroit Tigers,DET,78,41,0.5256410256410257,62,43,0.6935483870967742
2026-06-18,Los Angeles Dodgers,LAD,71,38,0.5352112676056338,75,48,0.64
2026-06-18,Athletics,ATH,71,39,0.5492957746478874,107,62,0.5794392523364486
2026-06-18,Texas Rangers,TEX,67,34,0.5074626865671642,61,39,0.639344262295082
2026-06-18,New York Yankees,NYY,83,42,0.5060240963855421,87,52,0.5977011494252874
2026-06-18,Philadelphia Phillies,PHI,74,34,0.4594594594594595,68,42,0.6176470588235294
2026-06-18,St. Louis Cardinals,STL,60,29,0.48333333333333334,73,47,0.6438356164383562
2026-06-18,New York Mets,NYM,77,36,0.4675324675324675,81,43,0.5308641975308642
2026-06-18,Milwaukee Brewers,MIL,48,20,0.4166666666666667,114,68,0.5964912280701754
2026-06-18,Baltimore Orioles,BAL,76,39,0.5131578947368421,56,26,0.4642857142857143
2026-06-18,Chicago White Sox,CWS,62,30,0.4838709677419355,112,53,0.4732142857142857
2026-06-18,Miami Marlins,MIA,56,29,0.5178571428571429,126,74,0.5873015873015873
2026-06-18,Chicago Cubs,CHC,72,30,0.4166666666666667,77,54,0.7012987012987013
2026-06-18,San Diego Padres,SD,51,23,0.45098039215686275,83,52,0.6265060240963856
2026-06-18,Minnesota Twins,MIN,97,46,0.4742268041237113,108,67,0.6203703703703703
2026-06-18,San Francisco Giants,SF,73,36,0.4931506849315068,77,40,0.5194805194805194
2026-06-18,Toronto Blue Jays,TOR,66,32,0.48484848484848486,63,30,0.47619047619047616
2026-06-18,Tampa Bay Rays,TB,65,29,0.4461538461538462,88,50,0.5681818181818182
2026-06-18,Washington Nationals,WSH,63,27,0.42857142857142855,82,38,0.4634146341463415
2026-06-18,Boston Red Sox,BOS,67,29,0.43283582089552236,53,31,0.5849056603773585
2026-06-18,Atlanta Braves,ATL,62,25,0.4032258064516129,89,55,0.6179775280898876
2026-06-18,Seattle Mariners,SEA,70,28,0.4,80,47,0.5875
2026-06-18,Los Angeles Angels,LAA,79,33,0.4177215189873418,91,55,0.6043956043956044
2026-06-18,Cleveland Guardians,CLE,83,31,0.37349397590361444,76,39,0.5131578947368421
2026-06-18,Colorado Rockies,COL,81,31,0.38271604938271603,98,60,0.6122448979591837
2026-06-18,Pittsburgh Pirates,PIT,78,28,0.358974358974359,59,27,0.4576271186440678
2026-06-19,Kansas City Royals,KC,72,39,0.5416666666666666,98,59,0.6020408163265306
2026-06-19,Houston Astros,HOU,81,45,0.5555555555555556,85,42,0.49411764705882355
2026-06-19,Arizona Diamondbacks,AZ,61,35,0.5737704918032787,65,43,0.6615384615384615
2026-06-19,Cincinnati Reds,CIN,85,47,0.5529411764705883,74,52,0.7027027027027027
2026-06-19,Athletics,ATH,71,39,0.5492957746478874,108,62,0.5740740740740741
2026-06-19,Detroit Tigers,DET,78,41,0.5256410256410257,62,43,0.6935483870967742
2026-06-19,Los Angeles Dodgers,LAD,71,38,0.5352112676056338,75,48,0.64
2026-06-19,Texas Rangers,TEX,67,34,0.5074626865671642,62,40,0.6451612903225806
2026-06-19,New York Mets,NYM,79,38,0.4810126582278481,82,44,0.5365853658536586
2026-06-19,Philadelphia Phillies,PHI,76,35,0.4605263157894737,68,42,0.6176470588235294
2026-06-19,New York Yankees,NYY,83,42,0.5060240963855421,88,53,0.6022727272727273
2026-06-19,St. Louis Cardinals,STL,61,30,0.4918032786885246,74,48,0.6486486486486487
2026-06-19,Milwaukee Brewers,MIL,49,20,0.40816326530612246,116,69,0.5948275862068966
2026-06-19,Chicago White Sox,CWS,63,31,0.49206349206349204,113,54,0.4778761061946903
2026-06-19,Chicago Cubs,CHC,72,30,0.4166666666666667,77,54,0.7012987012987013
2026-06-19,San Diego Padres,SD,51,23,0.45098039215686275,83,52,0.6265060240963856
2026-06-19,Baltimore Orioles,BAL,79,40,0.5063291139240507,59,29,0.4915254237288136
2026-06-19,Miami Marlins,MIA,56,29,0.5178571428571429,126,74,0.5873015873015873
2026-06-19,Minnesota Twins,MIN,97,46,0.4742268041237113,109,67,0.6146788990825688
2026-06-19,San Francisco Giants,SF,73,36,0.4931506849315068,77,40,0.5194805194805194
2026-06-19,Toronto Blue Jays,TOR,70,34,0.4857142857142857,63,30,0.47619047619047616
2026-06-19,Tampa Bay Rays,TB,65,29,0.4461538461538462,88,50,0.5681818181818182
2026-06-19,Boston Red Sox,BOS,67,29,0.43283582089552236,53,31,0.5849056603773585
2026-06-19,Washington Nationals,WSH,63,27,0.42857142857142855,82,38,0.4634146341463415
2026-06-19,Atlanta Braves,ATL,62,25,0.4032258064516129,89,55,0.6179775280898876
2026-06-19,Seattle Mariners,SEA,72,30,0.4166666666666667,81,48,0.5925925925925926
2026-06-19,Cleveland Guardians,CLE,85,33,0.38823529411764707,77,39,0.5064935064935064
2026-06-19,Los Angeles Angels,LAA,81,33,0.4074074074074074,92,56,0.6086956521739131
2026-06-19,Colorado Rockies,COL,81,31,0.38271604938271603,98,60,0.6122448979591837
2026-06-19,Pittsburgh Pirates,PIT,78,28,0.358974358974359,59,27,0.4576271186440678
2026-06-20,Houston Astros,HOU,85,48,0.5647058823529412,86,42,0.4883720930232558
2026-06-20,Kansas City Royals,KC,72,39,0.5416666666666666,100,59,0.59
2026-06-20,Arizona Diamondbacks,AZ,61,35,0.5737704918032787,65,43,0.6615384615384615
2026-06-20,Los Angeles Dodgers,LAD,72,39,0.5416666666666666,76,48,0.631578947368421
2026-06-20,Cincinnati Reds,CIN,85,47,0.5529411764705883,75,52,0.6933333333333334
2026-06-20,Detroit Tigers,DET,78,41,0.5256410256410257,62,43,0.6935483870967742
2026-06-20,Athletics,ATH,73,40,0.547945205479452,109,62,0.5688073394495413
2026-06-20,Texas Rangers,TEX,67,34,0.5074626865671642,62,40,0.6451612903225806
2026-06-20,New York Mets,NYM,79,38,0.4810126582278481,82,44,0.5365853658536586
2026-06-20,Philadelphia Phillies,PHI,76,35,0.4605263157894737,68,42,0.6176470588235294
2026-06-20,St. Louis Cardinals,STL,62,31,0.5,75,48,0.64
2026-06-20,New York Yankees,NYY,84,42,0.5,89,54,0.6067415730337079
2026-06-20,Milwaukee Brewers,MIL,49,20,0.40816326530612246,117,69,0.5897435897435898
2026-06-20,Chicago White Sox,CWS,65,32,0.49230769230769234,114,54,0.47368421052631576
2026-06-20,Chicago Cubs,CHC,72,30,0.4166666666666667,79,55,0.6962025316455697
2026-06-20,Miami Marlins,MIA,56,29,0.5178571428571429,128,76,0.59375
2026-06-20,Baltimore Orioles,BAL,79,40,0.5063291139240507,61,29,0.47540983606557374
2026-06-20,San Diego Padres,SD,52,23,0.4423076923076923,83,52,0.6265060240963856
2026-06-20,Toronto Blue Jays,TOR,71,35,0.49295774647887325,66,32,0.48484848484848486
2026-06-20,Minnesota Twins,MIN,101,48,0.4752475247524752,109,67,0.6146788990825688
2026-06-20,San Francisco Giants,SF,74,36,0.4864864864864865,78,40,0.5128205128205128
2026-06-20,Boston Red Sox,BOS,68,30,0.4411764705882353,56,34,0.6071428571428571
2026-06-20,Washington Nationals,WSH,64,28,0.4375,82,38,0.4634146341463415
2026-06-20,Tampa Bay Rays,TB,65,29,0.4461538461538462,89,50,0.5617977528089888
2026-06-20,Atlanta Braves,ATL,64,25,0.390625,89,55,0.6179775280898876
2026-06-20,Seattle Mariners,SEA,73,30,0.410958904109589,81,48,0.5925925925925926
2026-06-20,Cleveland Guardians,CLE,86,33,0.38372093023255816,78,40,0.5128205128205128
2026-06-20,Los Angeles Angels,LAA,81,33,0.4074074074074074,95,57,0.6
2026-06-20,Colorado Rockies,COL,82,31,0.3780487804878049,98,60,0.6122448979591837
2026-06-20,Pittsburgh Pirates,PIT,79,29,0.3670886075949367,61,28,0.45901639344262296
2026-06-21,Houston Astros,HOU,86,49,0.5697674418604651,86,42,0.4883720930232558
2026-06-21,Kansas City Royals,KC,72,39,0.5416666666666666,100,59,0.59
2026-06-21,Arizona Diamondbacks,AZ,61,35,0.5737704918032787,65,43,0.6615384615384615
2026-06-21,Los Angeles Dodgers,LAD,73,40,0.547945205479452,77,48,0.6233766233766234
2026-06-21,Detroit Tigers,DET,78,41,0.5256410256410257,65,45,0.6923076923076923
2026-06-21,New York Mets,NYM,80,39,0.4875,83,45,0.5421686746987951
2026-06-21,Cincinnati Reds,CIN,86,48,0.5581395348837209,75,52,0.6933333333333334
2026-06-21,Athletics,ATH,73,40,0.547945205479452,111,63,0.5675675675675675
2026-06-21,Philadelphia Phillies,PHI,77,36,0.4675324675324675,68,42,0.6176470588235294
2026-06-21,Texas Rangers,TEX,69,34,0.4927536231884058,63,41,0.6507936507936508
2026-06-21,New York Yankees,NYY,86,43,0.5,90,54,0.6
2026-06-21,St. Louis Cardinals,STL,62,31,0.5,75,48,0.64
2026-06-21,Milwaukee Brewers,MIL,52,22,0.4230769230769231,117,69,0.5897435897435898
2026-06-21,Chicago White Sox,CWS,66,33,0.5,116,55,0.47413793103448276
2026-06-21,Chicago Cubs,CHC,75,32,0.4266666666666667,82,58,0.7073170731707317
2026-06-21,Baltimore Orioles,BAL,81,42,0.5185185185185185,64,31,0.484375
2026-06-21,San Diego Padres,SD,52,23,0.4423076923076923,83,52,0.6265060240963856
2026-06-21,Miami Marlins,MIA,56,29,0.5178571428571429,129,77,0.5968992248062015
2026-06-21,Toronto Blue Jays,TOR,71,35,0.49295774647887325,67,32,0.47761194029850745
2026-06-21,Minnesota Twins,MIN,101,48,0.4752475247524752,110,68,0.6181818181818182
2026-06-21,San Francisco Giants,SF,76,37,0.4868421052631579,78,40,0.5128205128205128
2026-06-21,Boston Red Sox,BOS,68,30,0.4411764705882353,58,36,0.6206896551724138
2026-06-21,Washington Nationals,WSH,64,28,0.4375,85,41,0.4823529411764706
2026-06-21,Tampa Bay Rays,TB,67,30,0.44776119402985076,90,51,0.5666666666666667
2026-06-21,Atlanta Braves,ATL,65,25,0.38461538461538464,89,55,0.6179775280898876
2026-06-21,Seattle Mariners,SEA,73,30,0.410958904109589,82,48,0.5853658536585366
2026-06-21,Cleveland Guardians,CLE,87,33,0.3793103448275862,78,40,0.5128205128205128
2026-06-21,Los Angeles Angels,LAA,82,33,0.4024390243902439,95,57,0.6
2026-06-21,Colorado Rockies,COL,82,31,0.3780487804878049,98,60,0.6122448979591837
2026-06-21,Pittsburgh Pirates,PIT,79,29,0.3670886075949367,61,28,0.45901639344262296
2026-06-22,Houston Astros,HOU,88,51,0.5795454545454546,87,43,0.4942528735632184
2026-06-22,Kansas City Royals,KC,73,39,0.5342465753424658,101,59,0.5841584158415841
2026-06-22,Arizona Diamondbacks,AZ,61,35,0.5737704918032787,65,43,0.6615384615384615
2026-06-22,Los Angeles Dodgers,LAD,74,40,0.5405405405405406,77,48,0.6233766233766234
2026-06-22,New York Mets,NYM,82,40,0.4878048780487805,83,45,0.5421686746987951
2026-06-22,Cincinnati Reds,CIN,87,48,0.5517241379310345,76,53,0.6973684210526315
2026-06-22,Detroit Tigers,DET,78,41,0.5256410256410257,67,46,0.6865671641791045
2026-06-22,Athletics,ATH,74,40,0.5405405405405406,113,65,0.5752212389380531
2026-06-22,Philadelphia Phillies,PHI,78,36,0.46153846153846156,68,42,0.6176470588235294
2026-06-22,New York Yankees,NYY,86,43,0.5,90,54,0.6
2026-06-22,Texas Rangers,TEX,69,34,0.4927536231884058,63,41,0.6507936507936508
2026-06-22,St. Louis Cardinals,STL,64,31,0.484375,75,48,0.64
2026-06-22,Milwaukee Brewers,MIL,52,22,0.4230769230769231,117,69,0.5897435897435898
2026-06-22,Chicago White Sox,CWS,66,33,0.5,118,55,0.4661016949152542
2026-06-22,Chicago Cubs,CHC,75,32,0.4266666666666667,82,58,0.7073170731707317
2026-06-22,San Diego Padres,SD,53,24,0.4528301886792453,83,52,0.6265060240963856
2026-06-22,Baltimore Orioles,BAL,83,42,0.5060240963855421,64,31,0.484375
2026-06-22,Miami Marlins,MIA,56,29,0.5178571428571429,129,77,0.5968992248062015
2026-06-22,Toronto Blue Jays,TOR,71,35,0.49295774647887325,67,32,0.47761194029850745
2026-06-22,Minnesota Twins,MIN,102,48,0.47058823529411764,110,68,0.6181818181818182
2026-06-22,San Francisco Giants,SF,76,37,0.4868421052631579,78,40,0.5128205128205128
2026-06-22,Washington Nationals,WSH,65,29,0.4461538461538462,86,42,0.4883720930232558
2026-06-22,Boston Red Sox,BOS,68,30,0.4411764705882353,59,37,0.6271186440677966
2026-06-22,Tampa Bay Rays,TB,67,30,0.44776119402985076,91,51,0.5604395604395604
2026-06-22,Seattle Mariners,SEA,76,32,0.42105263157894735,82,48,0.5853658536585366
2026-06-22,Atlanta Braves,ATL,65,25,0.38461538461538464,89,55,0.6179775280898876
2026-06-22,Cleveland Guardians,CLE,88,34,0.38636363636363635,78,40,0.5128205128205128
2026-06-22,Los Angeles Angels,LAA,83,33,0.39759036144578314,97,58,0.5979381443298969
2026-06-22,Colorado Rockies,COL,85,34,0.4,99,61,0.6161616161616161
2026-06-22,Pittsburgh Pirates,PIT,81,29,0.35802469135802467,61,28,0.45901639344262296
2026-06-23,Houston Astros,HOU,92,55,0.5978260869565217,89,44,0.4943820224719101
2026-06-23,Kansas City Royals,KC,75,40,0.5333333333333333,101,59,0.5841584158415841
2026-06-23,Arizona Diamondbacks,AZ,61,35,0.5737704918032787,66,44,0.6666666666666666
2026-06-23,Los Angeles Dodgers,LAD,75,41,0.5466666666666666,77,48,0.6233766233766234
2026-06-23,Detroit Tigers,DET,80,43,0.5375,67,46,0.6865671641791045
2026-06-23,Cincinnati Reds,CIN,88,49,0.5568181818181818,80,57,0.7125
2026-06-23,New York Mets,NYM,82,40,0.4878048780487805,83,45,0.5421686746987951
2026-06-23,Athletics,ATH,74,40,0.5405405405405406,113,65,0.5752212389380531
2026-06-23,Texas Rangers,TEX,71,35,0.49295774647887325,63,41,0.6507936507936508
2026-06-23,Philadelphia Phillies,PHI,79,37,0.46835443037974683,70,44,0.6285714285714286
2026-06-23,New York Yankees,NYY,87,43,0.4942528735632184,93,56,0.6021505376344086
2026-06-23,St. Louis Cardinals,STL,65,31,0.47692307692307695,75,48,0.64
2026-06-23,Milwaukee Brewers,MIL,53,22,0.41509433962264153,118,69,0.5847457627118644
2026-06-23,Chicago White Sox,CWS,69,34,0.4927536231884058,118,55,0.4661016949152542
2026-06-23,Chicago Cubs,CHC,75,32,0.4266666666666667,82,58,0.7073170731707317
2026-06-23,Minnesota Twins,MIN,105,51,0.4857142857142857,115,72,0.6260869565217392
2026-06-23,San Diego Padres,SD,54,24,0.4444444444444444,84,53,0.6309523809523809
2026-06-23,Baltimore Orioles,BAL,84,42,0.5,65,31,0.47692307692307695
2026-06-23,Miami Marlins,MIA,57,29,0.5087719298245614,129,77,0.5968992248062015
2026-06-23,Toronto Blue Jays,TOR,73,35,0.4794520547945205,67,32,0.47761194029850745
2026-06-23,Boston Red Sox,BOS,68,30,0.4411764705882353,60,37,0.6166666666666667
2026-06-23,San Francisco Giants,SF,76,37,0.4868421052631579,78,40,0.5128205128205128
2026-06-23,Washington Nationals,WSH,66,29,0.4393939393939394,87,42,0.4827586206896552
2026-06-23,Tampa Bay Rays,TB,69,31,0.4492753623188406,91,51,0.5604395604395604
2026-06-23,Seattle Mariners,SEA,76,32,0.42105263157894735,82,48,0.5853658536585366
2026-06-23,Atlanta Braves,ATL,66,25,0.3787878787878788,90,56,0.6222222222222222
2026-06-23,Cleveland Guardians,CLE,92,36,0.391304347826087,78,40,0.5128205128205128
2026-06-23,Los Angeles Angels,LAA,83,33,0.39759036144578314,99,59,0.5959595959595959
2026-06-23,Colorado Rockies,COL,85,34,0.4,102,63,0.6176470588235294
2026-06-23,Pittsburgh Pirates,PIT,81,29,0.35802469135802467,61,28,0.45901639344262296
2026-06-24,Houston Astros,HOU,94,56,0.5957446808510638,90,44,0.4888888888888889
2026-06-24,Kansas City Royals,KC,75,40,0.5333333333333333,103,60,0.5825242718446602
2026-06-24,Arizona Diamondbacks,AZ,63,36,0.5714285714285714,66,44,0.6666666666666666
2026-06-24,New York Mets,NYM,84,42,0.5,86,47,0.5465116279069767
2026-06-24,Los Angeles Dodgers,LAD,78,42,0.5384615384615384,77,48,0.6233766233766234
2026-06-24,Detroit Tigers,DET,80,43,0.5375,70,48,0.6857142857142857
2026-06-24,Cincinnati Reds,CIN,89,49,0.550561797752809,81,57,0.7037037037037037
2026-06-24,Athletics,ATH,74,40,0.5405405405405406,114,65,0.5701754385964912
2026-06-24,Philadelphia Phillies,PHI,82,39,0.47560975609756095,71,45,0.6338028169014085
2026-06-24,New York Yankees,NYY,87,43,0.4942528735632184,94,57,0.6063829787234043
2026-06-24,Texas Rangers,TEX,72,35,0.4861111111111111,66,43,0.6515151515151515
2026-06-24,St. Louis Cardinals,STL,66,31,0.4696969696969697,76,48,0.631578947368421
2026-06-24,Chicago White Sox,CWS,69,34,0.4927536231884058,119,55,0.46218487394957986
2026-06-24,Chicago Cubs,CHC,75,32,0.4266666666666667,83,58,0.6987951807228916
2026-06-24,Milwaukee Brewers,MIL,54,22,0.4074074074074074,120,70,0.5833333333333334
2026-06-24,San Diego Padres,SD,54,24,0.4444444444444444,85,54,0.6352941176470588
2026-06-24,Miami Marlins,MIA,57,29,0.5087719298245614,130,77,0.5923076923076923
2026-06-24,Minnesota Twins,MIN,106,51,0.4811320754716981,116,72,0.6206896551724138
2026-06-24,Baltimore Orioles,BAL,85,42,0.49411764705882355,66,31,0.4696969696969697
2026-06-24,San Francisco Giants,SF,78,38,0.48717948717948717,78,40,0.5128205128205128
2026-06-24,Toronto Blue Jays,TOR,75,36,0.48,67,32,0.47761194029850745
2026-06-24,Tampa Bay Rays,TB,71,32,0.4507042253521127,91,51,0.5604395604395604
2026-06-24,Boston Red Sox,BOS,69,30,0.43478260869565216,61,37,0.6065573770491803
2026-06-24,Washington Nationals,WSH,66,29,0.4393939393939394,89,43,0.48314606741573035
2026-06-24,Seattle Mariners,SEA,76,32,0.42105263157894735,84,49,0.5833333333333334
2026-06-24,Atlanta Braves,ATL,67,25,0.373134328358209,91,56,0.6153846153846154
2026-06-24,Cleveland Guardians,CLE,93,36,0.3870967741935484,79,41,0.5189873417721519
2026-06-24,Los Angeles Angels,LAA,83,33,0.39759036144578314,101,60,0.594059405940594
2026-06-24,Colorado Rockies,COL,85,34,0.4,105,65,0.6190476190476191
2026-06-24,Pittsburgh Pirates,PIT,84,32,0.38095238095238093,62,28,0.45161290322580644
2026-06-25,Houston Astros,HOU,94,56,0.5957446808510638,92,45,0.4891304347826087
2026-06-25,Kansas City Royals,KC,76,40,0.5263157894736842,105,62,0.5904761904761905
2026-06-25,Arizona Diamondbacks,AZ,63,36,0.5714285714285714,67,44,0.6567164179104478
2026-06-25,Cincinnati Reds,CIN,91,50,0.5494505494505495,81,57,0.7037037037037037
2026-06-25,Los Angeles Dodgers,LAD,79,42,0.5316455696202531,79,50,0.6329113924050633
2026-06-25,Detroit Tigers,DET,81,43,0.5308641975308642,71,48,0.676056338028169
2026-06-25,New York Mets,NYM,86,42,0.4883720930232558,88,48,0.5454545454545454
2026-06-25,Athletics,ATH,74,40,0.5405405405405406,116,67,0.5775862068965517
2026-06-25,Texas Rangers,TEX,72,35,0.4861111111111111,66,43,0.6515151515151515
2026-06-25,New York Yankees,NYY,87,43,0.4942528735632184,94,57,0.6063829787234043
2026-06-25,Philadelphia Phillies,PHI,84,39,0.4642857142857143,72,46,0.6388888888888888
2026-06-25,St. Louis Cardinals,STL,66,31,0.4696969696969697,77,49,0.6363636363636364
2026-06-25,Chicago White Sox,CWS,71,35,0.49295774647887325,119,55,0.46218487394957986
2026-06-25,Milwaukee Brewers,MIL,54,22,0.4074074074074074,121,70,0.5785123966942148
2026-06-25,Chicago Cubs,CHC,76,32,0.42105263157894735,84,59,0.7023809523809523
2026-06-25,San Diego Padres,SD,54,24,0.4444444444444444,85,54,0.6352941176470588
2026-06-25,Minnesota Twins,MIN,108,52,0.48148148148148145,118,73,0.6186440677966102
2026-06-25,Baltimore Orioles,BAL,85,42,0.49411764705882355,68,33,0.4852941176470588
2026-06-25,Miami Marlins,MIA,58,29,0.5,131,78,0.5954198473282443
2026-06-25,Boston Red Sox,BOS,71,32,0.4507042253521127,62,37,0.5967741935483871
2026-06-25,San Francisco Giants,SF,78,38,0.48717948717948717,82,43,0.524390243902439
2026-06-25,Tampa Bay Rays,TB,73,33,0.4520547945205479,93,53,0.5698924731182796
2026-06-25,Toronto Blue Jays,TOR,77,36,0.4675324675324675,68,33,0.4852941176470588
2026-06-25,Washington Nationals,WSH,67,29,0.43283582089552236,90,43,0.4777777777777778
2026-06-25,Seattle Mariners,SEA,77,33,0.42857142857142855,86,51,0.5930232558139535
2026-06-25,Atlanta Braves,ATL,67,25,0.373134328358209,91,56,0.6153846153846154
2026-06-25,Cleveland Guardians,CLE,93,36,0.3870967741935484,81,41,0.5061728395061729
2026-06-25,Los Angeles Angels,LAA,86,35,0.4069767441860465,102,61,0.5980392156862745
2026-06-25,Colorado Rockies,COL,86,34,0.3953488372093023,106,65,0.6132075471698113
2026-06-25,Pittsburgh Pirates,PIT,84,32,0.38095238095238093,63,29,0.4603174603174603
2026-06-26,Houston Astros,HOU,95,56,0.5894736842105263,92,45,0.4891304347826087
2026-06-26,Kansas City Royals,KC,76,40,0.5263157894736842,106,62,0.5849056603773585
2026-06-26,Arizona Diamondbacks,AZ,63,36,0.5714285714285714,67,44,0.6567164179104478
2026-06-26,Cincinnati Reds,CIN,91,50,0.5494505494505495,81,57,0.7037037037037037
2026-06-26,Los Angeles Dodgers,LAD,79,42,0.5316455696202531,79,50,0.6329113924050633
2026-06-26,Detroit Tigers,DET,84,44,0.5238095238095238,72,49,0.6805555555555556
2026-06-26,New York Mets,NYM,89,43,0.48314606741573035,89,49,0.550561797752809
2026-06-26,Athletics,ATH,76,41,0.5394736842105263,118,69,0.5847457627118644
2026-06-26,Texas Rangers,TEX,72,35,0.4861111111111111,68,44,0.6470588235294118
2026-06-26,New York Yankees,NYY,88,44,0.5,94,57,0.6063829787234043
2026-06-26,Philadelphia Phillies,PHI,86,40,0.46511627906976744,72,46,0.6388888888888888
2026-06-26,St. Louis Cardinals,STL,66,31,0.4696969696969697,77,49,0.6363636363636364
2026-06-26,Chicago White Sox,CWS,71,35,0.49295774647887325,119,55,0.46218487394957986
2026-06-26,Milwaukee Brewers,MIL,54,22,0.4074074074074074,121,70,0.5785123966942148
2026-06-26,Chicago Cubs,CHC,76,32,0.42105263157894735,86,59,0.686046511627907
2026-06-26,San Diego Padres,SD,54,24,0.4444444444444444,85,54,0.6352941176470588
2026-06-26,Minnesota Twins,MIN,108,52,0.48148148148148145,118,73,0.6186440677966102
2026-06-26,Baltimore Orioles,BAL,85,42,0.49411764705882355,68,33,0.4852941176470588
2026-06-26,Miami Marlins,MIA,58,29,0.5,131,78,0.5954198473282443
2026-06-26,Boston Red Sox,BOS,71,32,0.4507042253521127,64,37,0.578125
2026-06-26,San Francisco Giants,SF,79,39,0.4936708860759494,82,43,0.524390243902439
2026-06-26,Tampa Bay Rays,TB,75,34,0.4533333333333333,93,53,0.5698924731182796
2026-06-26,Toronto Blue Jays,TOR,78,37,0.47435897435897434,69,34,0.4927536231884058
2026-06-26,Washington Nationals,WSH,67,29,0.43283582089552236,91,43,0.4725274725274725
2026-06-26,Seattle Mariners,SEA,77,33,0.42857142857142855,87,51,0.5862068965517241
2026-06-26,Atlanta Braves,ATL,67,25,0.373134328358209,91,56,0.6153846153846154
2026-06-26,Cleveland Guardians,CLE,93,36,0.3870967741935484,81,41,0.5061728395061729
2026-06-26,Los Angeles Angels,LAA,86,35,0.4069767441860465,102,61,0.5980392156862745
2026-06-26,Colorado Rockies,COL,86,34,0.3953488372093023,106,65,0.6132075471698113
2026-06-26,Pittsburgh Pirates,PIT,85,32,0.3764705882352941,64,29,0.453125
2026-06-27,Houston Astros,HOU,97,58,0.5979381443298969,93,45,0.4838709677419355
2026-06-27,Kansas City Royals,KC,76,40,0.5263157894736842,107,62,0.5794392523364486
2026-06-27,Cincinnati Reds,CIN,93,52,0.5591397849462365,81,57,0.7037037037037037
2026-06-27,Arizona Diamondbacks,AZ,64,36,0.5625,67,44,0.6567164179104478
2026-06-27,Los Angeles Dodgers,LAD,80,43,0.5375,81,51,0.6296296296296297
2026-06-27,New York Mets,NYM,93,45,0.4838709677419355,89,49,0.550561797752809
2026-06-27,Detroit Tigers,DET,84,44,0.5238095238095238,74,51,0.6891891891891891
2026-06-27,Athletics,ATH,77,42,0.5454545454545454,118,69,0.5847457627118644
2026-06-27,New York Yankees,NYY,89,45,0.5056179775280899,95,57,0.6
2026-06-27,Philadelphia Phillies,PHI,86,40,0.46511627906976744,72,46,0.6388888888888888
2026-06-27,Texas Rangers,TEX,74,35,0.47297297297297297,69,45,0.6521739130434783
2026-06-27,St. Louis Cardinals,STL,66,31,0.4696969696969697,78,49,0.6282051282051282
2026-06-27,Milwaukee Brewers,MIL,54,22,0.4074074074074074,123,70,0.5691056910569106
2026-06-27,Chicago Cubs,CHC,76,32,0.42105263157894735,86,59,0.686046511627907
2026-06-27,Chicago White Sox,CWS,72,35,0.4861111111111111,120,55,0.4583333333333333
2026-06-27,Minnesota Twins,MIN,109,53,0.48623853211009177,121,74,0.6115702479338843
2026-06-27,San Diego Padres,SD,55,24,0.43636363636363634,85,54,0.6352941176470588
2026-06-27,Baltimore Orioles,BAL,87,43,0.4942528735632184,69,33,0.4782608695652174
2026-06-27,Miami Marlins,MIA,61,31,0.5081967213114754,132,79,0.5984848484848485
2026-06-27,San Francisco Giants,SF,80,40,0.5,82,43,0.524390243902439
2026-06-27,Boston Red Sox,BOS,71,32,0.4507042253521127,65,38,0.5846153846153846
2026-06-27,Tampa Bay Rays,TB,75,34,0.4533333333333333,94,53,0.5638297872340425
2026-06-27,Washington Nationals,WSH,67,29,0.43283582089552236,94,46,0.48936170212765956
2026-06-27,Toronto Blue Jays,TOR,79,37,0.46835443037974683,70,34,0.4857142857142857
2026-06-27,Seattle Mariners,SEA,79,34,0.43037974683544306,88,52,0.5909090909090909
2026-06-27,Atlanta Braves,ATL,68,26,0.38235294117647056,91,56,0.6153846153846154
2026-06-27,Cleveland Guardians,CLE,93,36,0.3870967741935484,83,41,0.4939759036144578
2026-06-27,Los Angeles Angels,LAA,87,36,0.41379310344827586,103,61,0.5922330097087378
2026-06-27,Colorado Rockies,COL,87,34,0.39080459770114945,106,65,0.6132075471698113
2026-06-27,Pittsburgh Pirates,PIT,87,33,0.3793103448275862,65,29,0.4461538461538462
2026-06-28,Houston Astros,HOU,97,58,0.5979381443298969,94,45,0.4787234042553192
2026-06-28,Kansas City Royals,KC,76,40,0.5263157894736842,109,63,0.5779816513761468
2026-06-28,Cincinnati Reds,CIN,96,54,0.5625,82,58,0.7073170731707317
2026-06-28,Arizona Diamondbacks,AZ,64,36,0.5625,69,45,0.6521739130434783
2026-06-28,Los Angeles Dodgers,LAD,80,43,0.5375,82,51,0.6219512195121951
2026-06-28,New York Mets,NYM,97,49,0.5051546391752577,90,49,0.5444444444444444
2026-06-28,Athletics,ATH,77,42,0.5454545454545454,120,71,0.5916666666666667
2026-06-28,Detroit Tigers,DET,85,44,0.5176470588235295,75,51,0.68
2026-06-28,New York Yankees,NYY,90,45,0.5,95,57,0.6
2026-06-28,Philadelphia Phillies,PHI,87,41,0.47126436781609193,73,46,0.6301369863013698
2026-06-28,St. Louis Cardinals,STL,67,32,0.47761194029850745,78,49,0.6282051282051282
2026-06-28,Chicago Cubs,CHC,77,33,0.42857142857142855,86,59,0.686046511627907
2026-06-28,Milwaukee Brewers,MIL,54,22,0.4074074074074074,125,70,0.56
2026-06-28,Texas Rangers,TEX,74,35,0.47297297297297297,72,48,0.6666666666666666
2026-06-28,Chicago White Sox,CWS,72,35,0.4861111111111111,121,55,0.45454545454545453
2026-06-28,Baltimore Orioles,BAL,90,46,0.5111111111111111,69,33,0.4782608695652174
2026-06-28,San Diego Padres,SD,55,24,0.43636363636363634,86,54,0.627906976744186
2026-06-28,Minnesota Twins,MIN,110,53,0.4818181818181818,123,75,0.6097560975609756
2026-06-28,San Francisco Giants,SF,80,40,0.5,82,43,0.524390243902439
2026-06-28,Boston Red Sox,BOS,73,33,0.4520547945205479,65,38,0.5846153846153846
2026-06-28,Miami Marlins,MIA,61,31,0.5081967213114754,134,80,0.5970149253731343
2026-06-28,Tampa Bay Rays,TB,75,34,0.4533333333333333,94,53,0.5638297872340425
2026-06-28,Toronto Blue Jays,TOR,79,37,0.46835443037974683,74,37,0.5
2026-06-28,Washington Nationals,WSH,68,29,0.4264705882352941,97,48,0.4948453608247423
2026-06-28,Seattle Mariners,SEA,80,34,0.425,88,52,0.5909090909090909
2026-06-28,Atlanta Braves,ATL,68,26,0.38235294117647056,91,56,0.6153846153846154
2026-06-28,Los Angeles Angels,LAA,88,37,0.42045454545454547,103,61,0.5922330097087378
2026-06-28,Cleveland Guardians,CLE,94,37,0.39361702127659576,85,43,0.5058823529411764
2026-06-28,Pittsburgh Pirates,PIT,87,33,0.3793103448275862,66,29,0.4393939393939394
2026-06-28,Colorado Rockies,COL,89,34,0.38202247191011235,106,65,0.6132075471698113
2026-06-29,Houston Astros,HOU,99,59,0.5959595959595959,96,45,0.46875
2026-06-29,Kansas City Royals,KC,78,41,0.5256410256410257,110,64,0.5818181818181818
2026-06-29,New York Mets,NYM,100,51,0.51,91,49,0.5384615384615384
2026-06-29,Cincinnati Reds,CIN,96,54,0.5625,83,58,0.6987951807228916
2026-06-29,Arizona Diamondbacks,AZ,68,38,0.5588235294117647,70,46,0.6571428571428571
2026-06-29,Los Angeles Dodgers,LAD,82,43,0.524390243902439,82,51,0.6219512195121951
2026-06-29,Athletics,ATH,78,43,0.5512820512820513,121,71,0.5867768595041323
2026-06-29,Detroit Tigers,DET,86,45,0.5232558139534884,76,52,0.6842105263157895
2026-06-29,Philadelphia Phillies,PHI,87,41,0.47126436781609193,74,47,0.6351351351351351
2026-06-29,New York Yankees,NYY,91,45,0.4945054945054945,96,57,0.59375
2026-06-29,St. Louis Cardinals,STL,67,32,0.47761194029850745,80,50,0.625
2026-06-29,Milwaukee Brewers,MIL,54,22,0.4074074074074074,129,72,0.5581395348837209
2026-06-29,Texas Rangers,TEX,74,35,0.47297297297297297,73,48,0.6575342465753424
2026-06-29,Chicago Cubs,CHC,78,33,0.4230769230769231,86,59,0.686046511627907
2026-06-29,Chicago White Sox,CWS,73,35,0.4794520547945205,122,55,0.45081967213114754
2026-06-29,San Diego Padres,SD,55,24,0.43636363636363634,88,56,0.6363636363636364
2026-06-29,Baltimore Orioles,BAL,92,46,0.5,69,33,0.4782608695652174
2026-06-29,Minnesota Twins,MIN,110,53,0.4818181818181818,124,76,0.6129032258064516
2026-06-29,San Francisco Giants,SF,80,40,0.5,83,43,0.5180722891566265
2026-06-29,Miami Marlins,MIA,62,31,0.5,134,80,0.5970149253731343
2026-06-29,Boston Red Sox,BOS,75,34,0.4533333333333333,66,38,0.5757575757575758
2026-06-29,Toronto Blue Jays,TOR,80,38,0.475,77,40,0.5194805194805194
2026-06-29,Tampa Bay Rays,TB,75,34,0.4533333333333333,96,55,0.5729166666666666
2026-06-29,Seattle Mariners,SEA,82,36,0.43902439024390244,91,54,0.5934065934065934
2026-06-29,Washington Nationals,WSH,69,29,0.42028985507246375,98,49,0.5
2026-06-29,Atlanta Braves,ATL,68,26,0.38235294117647056,92,57,0.6195652173913043
2026-06-29,Cleveland Guardians,CLE,94,37,0.39361702127659576,87,43,0.4942528735632184
2026-06-29,Los Angeles Angels,LAA,88,37,0.42045454545454547,103,61,0.5922330097087378
2026-06-29,Pittsburgh Pirates,PIT,89,34,0.38202247191011235,67,29,0.43283582089552236
2026-06-29,Colorado Rockies,COL,89,34,0.38202247191011235,108,66,0.6111111111111112
2026-06-30,Houston Astros,HOU,100,60,0.6,96,45,0.46875
2026-06-30,Kansas City Royals,KC,78,41,0.5256410256410257,110,64,0.5818181818181818
2026-06-30,Arizona Diamondbacks,AZ,70,40,0.5714285714285714,70,46,0.6571428571428571
2026-06-30,Cincinnati Reds,CIN,97,54,0.5567010309278351,85,60,0.7058823529411765
2026-06-30,Los Angeles Dodgers,LAD,84,45,0.5357142857142857,82,51,0.6219512195121951
2026-06-30,New York Mets,NYM,103,52,0.5048543689320388,91,49,0.5384615384615384
2026-06-30,Athletics,ATH,79,43,0.5443037974683544,122,72,0.5901639344262295
2026-06-30,Detroit Tigers,DET,86,45,0.5232558139534884,79,55,0.6962025316455697
2026-06-30,New York Yankees,NYY,94,47,0.5,97,58,0.5979381443298969
2026-06-30,St. Louis Cardinals,STL,67,32,0.47761194029850745,80,50,0.625
2026-06-30,Chicago White Sox,CWS,75,37,0.49333333333333335,127,59,0.4645669291338583
2026-06-30,Philadelphia Phillies,PHI,89,41,0.4606741573033708,76,49,0.6447368421052632
2026-06-30,Texas Rangers,TEX,74,35,0.47297297297297297,75,50,0.6666666666666666
2026-06-30,Chicago Cubs,CHC,81,35,0.43209876543209874,87,59,0.6781609195402298
2026-06-30,Milwaukee Brewers,MIL,55,22,0.4,130,72,0.5538461538461539
2026-06-30,Minnesota Twins,MIN,110,53,0.4818181818181818,124,76,0.6129032258064516
2026-06-30,San Diego Padres,SD,56,24,0.42857142857142855,90,57,0.6333333333333333
2026-06-30,Baltimore Orioles,BAL,93,46,0.4946236559139785,70,34,0.4857142857142857
2026-06-30,San Francisco Giants,SF,80,40,0.5,84,44,0.5238095238095238
2026-06-30,Boston Red Sox,BOS,75,34,0.4533333333333333,69,40,0.5797101449275363
2026-06-30,Miami Marlins,MIA,63,31,0.49206349206349204,134,80,0.5970149253731343
2026-06-30,Tampa Bay Rays,TB,75,34,0.4533333333333333,96,55,0.5729166666666666
2026-06-30,Toronto Blue Jays,TOR,81,38,0.4691358024691358,77,40,0.5194805194805194
2026-06-30,Seattle Mariners,SEA,83,36,0.43373493975903615,92,54,0.5869565217391305
2026-06-30,Washington Nationals,WSH,70,29,0.4142857142857143,99,49,0.494949494949495
2026-06-30,Atlanta Braves,ATL,68,26,0.38235294117647056,92,57,0.6195652173913043
2026-06-30,Cleveland Guardians,CLE,95,38,0.4,87,43,0.4942528735632184
2026-06-30,Los Angeles Angels,LAA,90,38,0.4222222222222222,104,62,0.5961538461538461
2026-06-30,Colorado Rockies,COL,92,37,0.40217391304347827,110,68,0.6181818181818182
2026-06-30,Pittsburgh Pirates,PIT,90,35,0.3888888888888889,68,30,0.4411764705882353
2026-07-01,Houston Astros,HOU,104,63,0.6057692307692307,98,47,0.47959183673469385
2026-07-01,Kansas City Royals,KC,80,43,0.5375,111,65,0.5855855855855856
2026-07-01,Cincinnati Reds,CIN,98,55,0.5612244897959183,86,61,0.7093023255813954
2026-07-01,Arizona Diamondbacks,AZ,74,42,0.5675675675675675,70,46,0.6571428571428571
2026-07-01,Los Angeles Dodgers,LAD,85,46,0.5411764705882353,82,51,0.6219512195121951
2026-07-01,Detroit Tigers,DET,87,46,0.5287356321839081,81,56,0.691358024691358
2026-07-01,New York Mets,NYM,104,52,0.5,91,49,0.5384615384615384
2026-07-01,Athletics,ATH,80,43,0.5375,123,73,0.5934959349593496
2026-07-01,New York Yankees,NYY,96,48,0.5,99,60,0.6060606060606061
2026-07-01,St. Louis Cardinals,STL,69,33,0.4782608695652174,83,52,0.6265060240963856
2026-07-01,Chicago White Sox,CWS,76,38,0.5,129,60,0.46511627906976744
2026-07-01,Philadelphia Phillies,PHI,90,41,0.45555555555555555,76,49,0.6447368421052632
2026-07-01,Chicago Cubs,CHC,81,35,0.43209876543209874,88,59,0.6704545454545454
2026-07-01,Texas Rangers,TEX,74,35,0.47297297297297297,76,51,0.6710526315789473
2026-07-01,Milwaukee Brewers,MIL,56,22,0.39285714285714285,131,73,0.5572519083969466
2026-07-01,Minnesota Twins,MIN,110,53,0.4818181818181818,126,77,0.6111111111111112
2026-07-01,San Francisco Giants,SF,80,40,0.5,85,45,0.5294117647058824
2026-07-01,San Diego Padres,SD,57,24,0.42105263157894735,91,57,0.6263736263736264
2026-07-01,Baltimore Orioles,BAL,95,46,0.4842105263157895,70,34,0.4857142857142857
2026-07-01,Miami Marlins,MIA,63,31,0.49206349206349204,136,81,0.5955882352941176
2026-07-01,Boston Red Sox,BOS,76,34,0.4473684210526316,70,40,0.5714285714285714
2026-07-01,Toronto Blue Jays,TOR,82,39,0.47560975609756095,80,43,0.5375
2026-07-01,Tampa Bay Rays,TB,77,35,0.45454545454545453,99,57,0.5757575757575758
2026-07-01,Seattle Mariners,SEA,85,37,0.43529411764705883,92,54,0.5869565217391305
2026-07-01,Washington Nationals,WSH,71,29,0.4084507042253521,101,51,0.504950495049505
2026-07-01,Atlanta Braves,ATL,68,26,0.38235294117647056,92,57,0.6195652173913043
2026-07-01,Cleveland Guardians,CLE,96,38,0.3958333333333333,87,43,0.4942528735632184
2026-07-01,Los Angeles Angels,LAA,91,38,0.4175824175824176,106,64,0.6037735849056604
2026-07-01,Colorado Rockies,COL,95,39,0.4105263157894737,111,69,0.6216216216216216
2026-07-01,Pittsburgh Pirates,PIT,90,35,0.3888888888888889,69,30,0.43478260869565216
2026-07-02,Houston Astros,HOU,105,63,0.6,100,48,0.48
2026-07-02,Kansas City Royals,KC,80,43,0.5375,111,65,0.5855855855855856
2026-07-02,Los Angeles Dodgers,LAD,86,47,0.5465116279069767,82,51,0.6219512195121951
2026-07-02,Arizona Diamondbacks,AZ,74,42,0.5675675675675675,70,46,0.6571428571428571
2026-07-02,Cincinnati Reds,CIN,100,56,0.56,87,61,0.7011494252873564
2026-07-02,New York Mets,NYM,104,52,0.5,91,49,0.5384615384615384
2026-07-02,Detroit Tigers,DET,87,46,0.5287356321839081,83,57,0.6867469879518072
2026-07-02,Athletics,ATH,80,43,0.5375,125,74,0.592
2026-07-02,New York Yankees,NYY,96,48,0.5,103,63,0.6116504854368932
2026-07-02,St. Louis Cardinals,STL,69,33,0.4782608695652174,84,52,0.6190476190476191
2026-07-02,Philadelphia Phillies,PHI,94,44,0.46808510638297873,76,49,0.6447368421052632
2026-07-02,Chicago Cubs,CHC,81,35,0.43209876543209874,88,59,0.6704545454545454
2026-07-02,Milwaukee Brewers,MIL,57,23,0.40350877192982454,132,73,0.553030303030303
2026-07-02,Chicago White Sox,CWS,77,38,0.4935064935064935,130,60,0.46153846153846156
2026-07-02,Texas Rangers,TEX,77,36,0.4675324675324675,76,51,0.6710526315789473
2026-07-02,Minnesota Twins,MIN,112,54,0.48214285714285715,129,79,0.6124031007751938
2026-07-02,San Diego Padres,SD,57,24,0.42105263157894735,92,57,0.6195652173913043
2026-07-02,San Francisco Giants,SF,81,40,0.49382716049382713,85,45,0.5294117647058824
2026-07-02,Baltimore Orioles,BAL,95,46,0.4842105263157895,72,36,0.5
2026-07-02,Boston Red Sox,BOS,77,35,0.45454545454545453,71,40,0.5633802816901409
2026-07-02,Tampa Bay Rays,TB,77,35,0.45454545454545453,99,57,0.5757575757575758
2026-07-02,Miami Marlins,MIA,64,31,0.484375,136,81,0.5955882352941176
2026-07-02,Toronto Blue Jays,TOR,83,39,0.46987951807228917,80,43,0.5375
2026-07-02,Seattle Mariners,SEA,85,37,0.43529411764705883,92,54,0.5869565217391305
2026-07-02,Atlanta Braves,ATL,68,26,0.38235294117647056,92,57,0.6195652173913043
2026-07-02,Washington Nationals,WSH,73,29,0.3972602739726027,103,53,0.5145631067961165
2026-07-02,Cleveland Guardians,CLE,97,38,0.3917525773195876,88,43,0.48863636363636365
2026-07-02,Los Angeles Angels,LAA,91,38,0.4175824175824176,106,64,0.6037735849056604
2026-07-02,Colorado Rockies,COL,96,40,0.4166666666666667,112,69,0.6160714285714286
2026-07-02,Pittsburgh Pirates,PIT,90,35,0.3888888888888889,71,30,0.4225352112676056
2026-07-03,Houston Astros,HOU,105,63,0.6,100,48,0.48
2026-07-03,Kansas City Royals,KC,80,43,0.5375,111,65,0.5855855855855856
2026-07-03,Los Angeles Dodgers,LAD,86,47,0.5465116279069767,83,51,0.6144578313253012
2026-07-03,Cincinnati Reds,CIN,102,57,0.5588235294117647,88,62,0.7045454545454546
2026-07-03,Arizona Diamondbacks,AZ,74,42,0.5675675675675675,70,46,0.6571428571428571
2026-07-03,Detroit Tigers,DET,87,46,0.5287356321839081,85,59,0.6941176470588235
2026-07-03,New York Mets,NYM,104,52,0.5,91,49,0.5384615384615384
2026-07-03,Athletics,ATH,80,43,0.5375,125,74,0.592
2026-07-03,New York Yankees,NYY,96,48,0.5,103,63,0.6116504854368932
2026-07-03,Philadelphia Phillies,PHI,97,46,0.4742268041237113,78,50,0.6410256410256411
2026-07-03,St. Louis Cardinals,STL,69,33,0.4782608695652174,85,52,0.611764705882353
2026-07-03,Chicago Cubs,CHC,81,35,0.43209876543209874,88,59,0.6704545454545454
2026-07-03,Milwaukee Brewers,MIL,57,23,0.40350877192982454,134,74,0.5522388059701493
2026-07-03,Chicago White Sox,CWS,77,38,0.4935064935064935,131,60,0.4580152671755725
2026-07-03,Texas Rangers,TEX,77,36,0.4675324675324675,76,51,0.6710526315789473
2026-07-03,Minnesota Twins,MIN,112,54,0.48214285714285715,129,79,0.6124031007751938
2026-07-03,San Diego Padres,SD,58,24,0.41379310344827586,93,58,0.6236559139784946
2026-07-03,San Francisco Giants,SF,81,40,0.49382716049382713,85,45,0.5294117647058824
2026-07-03,Baltimore Orioles,BAL,95,46,0.4842105263157895,72,36,0.5
2026-07-03,Boston Red Sox,BOS,77,35,0.45454545454545453,71,40,0.5633802816901409
2026-07-03,Tampa Bay Rays,TB,77,35,0.45454545454545453,99,57,0.5757575757575758
2026-07-03,Toronto Blue Jays,TOR,83,39,0.46987951807228917,80,43,0.5375
2026-07-03,Seattle Mariners,SEA,85,37,0.43529411764705883,93,55,0.5913978494623656
2026-07-03,Miami Marlins,MIA,66,31,0.4696969696969697,136,81,0.5955882352941176
2026-07-03,Atlanta Braves,ATL,69,26,0.37681159420289856,94,59,0.6276595744680851
2026-07-03,Washington Nationals,WSH,73,29,0.3972602739726027,103,53,0.5145631067961165
2026-07-03,Cleveland Guardians,CLE,97,38,0.3917525773195876,89,43,0.48314606741573035
2026-07-03,Los Angeles Angels,LAA,93,38,0.40860215053763443,106,64,0.6037735849056604
2026-07-03,Colorado Rockies,COL,96,40,0.4166666666666667,113,69,0.6106194690265486
2026-07-03,Pittsburgh Pirates,PIT,90,35,0.3888888888888889,72,30,0.4166666666666667
2026-07-04,Houston Astros,HOU,107,65,0.6074766355140186,100,48,0.48
2026-07-04,Kansas City Royals,KC,80,43,0.5375,111,65,0.5855855855855856
2026-07-04,Cincinnati Reds,CIN,102,57,0.5588235294117647,93,67,0.7204301075268817
2026-07-04,Arizona Diamondbacks,AZ,77,43,0.5584415584415584,71,47,0.6619718309859155
2026-07-04,Los Angeles Dodgers,LAD,87,47,0.5402298850574713,83,51,0.6144578313253012
2026-07-04,New York Mets,NYM,106,54,0.5094339622641509,92,49,0.532608695652174
2026-07-04,Detroit Tigers,DET,87,46,0.5287356321839081,85,59,0.6941176470588235
2026-07-04,Athletics,ATH,80,43,0.5375,126,75,0.5952380952380952
2026-07-04,New York Yankees,NYY,98,50,0.5102040816326531,105,63,0.6
2026-07-04,St. Louis Cardinals,STL,72,36,0.5,87,54,0.6206896551724138
2026-07-04,Philadelphia Phillies,PHI,97,46,0.4742268041237113,78,50,0.6410256410256411
2026-07-04,Chicago Cubs,CHC,82,36,0.43902439024390244,88,59,0.6704545454545454
2026-07-04,Milwaukee Brewers,MIL,58,24,0.41379310344827586,136,75,0.5514705882352942
2026-07-04,Texas Rangers,TEX,77,36,0.4675324675324675,76,51,0.6710526315789473
2026-07-04,Minnesota Twins,MIN,112,54,0.48214285714285715,131,80,0.6106870229007634
2026-07-04,Chicago White Sox,CWS,78,38,0.48717948717948717,134,62,0.4626865671641791
2026-07-04,San Diego Padres,SD,59,25,0.423728813559322,94,58,0.6170212765957447
2026-07-04,San Francisco Giants,SF,83,41,0.4939759036144578,87,46,0.5287356321839081
2026-07-04,Baltimore Orioles,BAL,96,47,0.4895833333333333,73,36,0.4931506849315068
2026-07-04,Boston Red Sox,BOS,77,35,0.45454545454545453,72,40,0.5555555555555556
2026-07-04,Tampa Bay Rays,TB,77,35,0.45454545454545453,103,60,0.5825242718446602
2026-07-04,Toronto Blue Jays,TOR,83,39,0.46987951807228917,81,44,0.5432098765432098
2026-07-04,Miami Marlins,MIA,67,32,0.47761194029850745,137,82,0.5985401459854015
2026-07-04,Seattle Mariners,SEA,87,37,0.42528735632183906,93,55,0.5913978494623656
2026-07-04,Washington Nationals,WSH,74,30,0.40540540540540543,105,55,0.5238095238095238
2026-07-04,Atlanta Braves,ATL,69,26,0.37681159420289856,95,59,0.6210526315789474
2026-07-04,Cleveland Guardians,CLE,98,39,0.3979591836734694,90,43,0.4777777777777778
2026-07-04,Los Angeles Angels,LAA,94,39,0.4148936170212766,108,65,0.6018518518518519
2026-07-04,Colorado Rockies,COL,99,42,0.42424242424242425,113,69,0.6106194690265486
2026-07-04,Pittsburgh Pirates,PIT,90,35,0.3888888888888889,72,30,0.4166666666666667
2026-07-05,Houston Astros,HOU,107,65,0.6074766355140186,103,49,0.47572815533980584
2026-07-05,Kansas City Royals,KC,80,43,0.5375,111,65,0.5855855855855856
2026-07-05,Cincinnati Reds,CIN,102,57,0.5588235294117647,94,68,0.723404255319149
2026-07-05,Arizona Diamondbacks,AZ,78,43,0.5512820512820513,71,47,0.6619718309859155
2026-07-05,Los Angeles Dodgers,LAD,88,47,0.5340909090909091,83,51,0.6144578313253012
2026-07-05,New York Mets,NYM,107,54,0.5046728971962616,93,49,0.5268817204301075
2026-07-05,Detroit Tigers,DET,87,46,0.5287356321839081,86,59,0.686046511627907
2026-07-05,New York Yankees,NYY,104,54,0.5192307692307693,105,63,0.6
2026-07-05,Athletics,ATH,81,44,0.5432098765432098,127,75,0.5905511811023622
2026-07-05,St. Louis Cardinals,STL,72,36,0.5,89,55,0.6179775280898876
2026-07-05,Philadelphia Phillies,PHI,98,47,0.47959183673469385,80,51,0.6375
2026-07-05,Chicago Cubs,CHC,83,36,0.43373493975903615,88,59,0.6704545454545454
2026-07-05,Milwaukee Brewers,MIL,58,24,0.41379310344827586,137,76,0.5547445255474452
2026-07-05,Texas Rangers,TEX,77,36,0.4675324675324675,77,52,0.6753246753246753
2026-07-05,Chicago White Sox,CWS,79,38,0.4810126582278481,136,63,0.4632352941176471
2026-07-05,Minnesota Twins,MIN,115,55,0.4782608695652174,133,82,0.6165413533834586
2026-07-05,San Diego Padres,SD,61,25,0.4098360655737705,94,58,0.6170212765957447
2026-07-05,Baltimore Orioles,BAL,97,48,0.4948453608247423,74,36,0.4864864864864865
2026-07-05,San Francisco Giants,SF,85,41,0.4823529411764706,87,46,0.5287356321839081
2026-07-05,Tampa Bay Rays,TB,80,37,0.4625,103,60,0.5825242718446602
2026-07-05,Toronto Blue Jays,TOR,84,40,0.47619047619047616,82,44,0.5365853658536586
2026-07-05,Boston Red Sox,BOS,79,36,0.45569620253164556,73,41,0.5616438356164384
2026-07-05,Miami Marlins,MIA,68,32,0.47058823529411764,138,83,0.6014492753623188
2026-07-05,Washington Nationals,WSH,74,30,0.40540540540540543,106,55,0.5188679245283019
2026-07-05,Seattle Mariners,SEA,87,37,0.42528735632183906,93,55,0.5913978494623656
2026-07-05,Atlanta Braves,ATL,70,26,0.37142857142857144,96,59,0.6145833333333334
2026-07-05,Cleveland Guardians,CLE,99,39,0.3939393939393939,90,43,0.4777777777777778
2026-07-05,Los Angeles Angels,LAA,95,39,0.4105263157894737,108,65,0.6018518518518519
2026-07-05,Colorado Rockies,COL,99,42,0.42424242424242425,117,72,0.6153846153846154
2026-07-05,Pittsburgh Pirates,PIT,92,37,0.40217391304347827,74,31,0.4189189189189189
2026-07-06,Houston Astros,HOU,108,66,0.6111111111111112,105,50,0.47619047619047616
2026-07-06,Kansas City Royals,KC,82,45,0.5487804878048781,112,66,0.5892857142857143
2026-07-06,Cincinnati Reds,CIN,102,57,0.5588235294117647,95,68,0.7157894736842105
2026-07-06,Arizona Diamondbacks,AZ,79,44,0.5569620253164557,71,47,0.6619718309859155
2026-07-06,Detroit Tigers,DET,88,47,0.5340909090909091,88,60,0.6818181818181818
2026-07-06,Los Angeles Dodgers,LAD,90,48,0.5333333333333333,84,51,0.6071428571428571
2026-07-06,New York Yankees,NYY,105,55,0.5238095238095238,106,63,0.5943396226415094
2026-07-06,New York Mets,NYM,108,54,0.5,94,50,0.5319148936170213
2026-07-06,Athletics,ATH,83,45,0.5421686746987951,128,76,0.59375
2026-07-06,St. Louis Cardinals,STL,72,36,0.5,91,56,0.6153846153846154
2026-07-06,Philadelphia Phillies,PHI,100,48,0.48,80,51,0.6375
2026-07-06,Chicago Cubs,CHC,84,36,0.42857142857142855,88,59,0.6704545454545454
2026-07-06,Milwaukee Brewers,MIL,58,24,0.41379310344827586,141,78,0.5531914893617021
2026-07-06,Texas Rangers,TEX,79,37,0.46835443037974683,80,55,0.6875
2026-07-06,Chicago White Sox,CWS,80,39,0.4875,138,64,0.463768115942029
2026-07-06,Minnesota Twins,MIN,118,57,0.4830508474576271,134,83,0.6194029850746269
2026-07-06,Baltimore Orioles,BAL,99,50,0.5050505050505051,78,39,0.5
2026-07-06,Toronto Blue Jays,TOR,85,41,0.4823529411764706,84,46,0.5476190476190477
2026-07-06,San Diego Padres,SD,62,25,0.4032258064516129,96,59,0.6145833333333334
2026-07-06,Tampa Bay Rays,TB,80,37,0.4625,106,63,0.5943396226415094
2026-07-06,San Francisco Giants,SF,86,41,0.47674418604651164,87,46,0.5287356321839081
2026-07-06,Boston Red Sox,BOS,79,36,0.45569620253164556,73,41,0.5616438356164384
2026-07-06,Miami Marlins,MIA,70,34,0.4857142857142857,140,84,0.6
2026-07-06,Washington Nationals,WSH,74,30,0.40540540540540543,107,55,0.514018691588785
2026-07-06,Seattle Mariners,SEA,88,37,0.42045454545454547,94,55,0.5851063829787234
2026-07-06,Atlanta Braves,ATL,72,26,0.3611111111111111,99,62,0.6262626262626263
2026-07-06,Cleveland Guardians,CLE,100,39,0.39,91,43,0.4725274725274725
2026-07-06,Los Angeles Angels,LAA,95,39,0.4105263157894737,110,65,0.5909090909090909
2026-07-06,Colorado Rockies,COL,99,42,0.42424242424242425,120,74,0.6166666666666667
2026-07-06,Pittsburgh Pirates,PIT,94,38,0.40425531914893614,75,31,0.41333333333333333
2026-07-07,Houston Astros,HOU,110,68,0.6181818181818182,108,52,0.48148148148148145
2026-07-07,Kansas City Royals,KC,83,45,0.5421686746987951,113,66,0.584070796460177
2026-07-07,Cincinnati Reds,CIN,102,57,0.5588235294117647,95,68,0.7157894736842105
2026-07-07,Arizona Diamondbacks,AZ,80,44,0.55,72,48,0.6666666666666666
2026-07-07,Detroit Tigers,DET,88,47,0.5340909090909091,88,60,0.6818181818181818
2026-07-07,Los Angeles Dodgers,LAD,92,49,0.532608695652174,85,51,0.6
2026-07-07,New York Yankees,NYY,106,55,0.5188679245283019,106,63,0.5943396226415094
2026-07-07,New York Mets,NYM,112,56,0.5,97,53,0.5463917525773195
2026-07-07,Athletics,ATH,83,45,0.5421686746987951,128,76,0.59375
2026-07-07,Philadelphia Phillies,PHI,103,50,0.4854368932038835,80,51,0.6375
2026-07-07,St. Louis Cardinals,STL,73,36,0.4931506849315068,91,56,0.6153846153846154
2026-07-07,Chicago Cubs,CHC,84,36,0.42857142857142855,88,59,0.6704545454545454
2026-07-07,Texas Rangers,TEX,79,37,0.46835443037974683,80,55,0.6875
2026-07-07,Milwaukee Brewers,MIL,60,25,0.4166666666666667,142,78,0.5492957746478874
2026-07-07,Chicago White Sox,CWS,80,39,0.4875,138,64,0.463768115942029
2026-07-07,Minnesota Twins,MIN,118,57,0.4830508474576271,134,83,0.6194029850746269
2026-07-07,Baltimore Orioles,BAL,99,50,0.5050505050505051,78,39,0.5
2026-07-07,San Diego Padres,SD,62,25,0.4032258064516129,98,59,0.6020408163265306
2026-07-07,Tampa Bay Rays,TB,80,37,0.4625,107,63,0.5887850467289719
2026-07-07,Toronto Blue Jays,TOR,86,41,0.47674418604651164,85,46,0.5411764705882353
2026-07-07,Boston Red Sox,BOS,79,36,0.45569620253164556,73,41,0.5616438356164384
2026-07-07,San Francisco Giants,SF,88,41,0.4659090909090909,87,46,0.5287356321839081
2026-07-07,Miami Marlins,MIA,70,34,0.4857142857142857,140,84,0.6
2026-07-07,Washington Nationals,WSH,74,30,0.40540540540540543,110,57,0.5181818181818182
2026-07-07,Seattle Mariners,SEA,88,37,0.42045454545454547,94,55,0.5851063829787234
2026-07-07,Atlanta Braves,ATL,75,28,0.37333333333333335,100,62,0.62
2026-07-07,Cleveland Guardians,CLE,100,39,0.39,91,43,0.4725274725274725
2026-07-07,Los Angeles Angels,LAA,95,39,0.4105263157894737,110,65,0.5909090909090909
2026-07-07,Colorado Rockies,COL,101,44,0.43564356435643564,122,76,0.6229508196721312
2026-07-07,Pittsburgh Pirates,PIT,94,38,0.40425531914893614,75,31,0.41333333333333333
2026-07-08,Houston Astros,HOU,110,68,0.6181818181818182,110,53,0.4818181818181818
2026-07-08,Kansas City Royals,KC,84,46,0.5476190476190477,114,66,0.5789473684210527
2026-07-08,Cincinnati Reds,CIN,107,61,0.5700934579439252,98,71,0.7244897959183674
2026-07-08,Detroit Tigers,DET,89,48,0.5393258426966292,90,61,0.6777777777777778
2026-07-08,Arizona Diamondbacks,AZ,81,45,0.5555555555555556,74,50,0.6756756756756757
2026-07-08,Los Angeles Dodgers,LAD,92,49,0.532608695652174,86,52,0.6046511627906976
2026-07-08,New York Yankees,NYY,106,55,0.5188679245283019,107,63,0.5887850467289719
2026-07-08,Athletics,ATH,84,45,0.5357142857142857,131,79,0.6030534351145038
2026-07-08,New York Mets,NYM,113,56,0.49557522123893805,98,54,0.5510204081632653
2026-07-08,Philadelphia Phillies,PHI,104,50,0.4807692307692308,81,52,0.6419753086419753
2026-07-08,St. Louis Cardinals,STL,74,36,0.4864864864864865,93,57,0.6129032258064516
2026-07-08,Chicago Cubs,CHC,84,36,0.42857142857142855,89,60,0.6741573033707865
2026-07-08,Milwaukee Brewers,MIL,60,25,0.4166666666666667,143,78,0.5454545454545454
2026-07-08,Texas Rangers,TEX,79,37,0.46835443037974683,82,56,0.6829268292682927
2026-07-08,Chicago White Sox,CWS,80,39,0.4875,142,67,0.47183098591549294
2026-07-08,Minnesota Twins,MIN,118,57,0.4830508474576271,135,84,0.6222222222222222
2026-07-08,Baltimore Orioles,BAL,100,50,0.5,79,40,0.5063291139240507
2026-07-08,San Diego Padres,SD,63,26,0.4126984126984127,99,59,0.5959595959595959
2026-07-08,Boston Red Sox,BOS,81,38,0.4691358024691358,75,42,0.56
2026-07-08,Toronto Blue Jays,TOR,86,41,0.47674418604651164,85,46,0.5411764705882353
2026-07-08,Tampa Bay Rays,TB,81,37,0.4567901234567901,107,63,0.5887850467289719
2026-07-08,Miami Marlins,MIA,72,36,0.5,140,84,0.6
2026-07-08,San Francisco Giants,SF,90,41,0.45555555555555555,87,46,0.5287356321839081
2026-07-08,Washington Nationals,WSH,74,30,0.40540540540540543,110,57,0.5181818181818182
2026-07-08,Seattle Mariners,SEA,91,39,0.42857142857142855,95,55,0.5789473684210527
2026-07-08,Atlanta Braves,ATL,76,28,0.3684210526315789,102,63,0.6176470588235294
2026-07-08,Cleveland Guardians,CLE,102,40,0.39215686274509803,92,44,0.4782608695652174
2026-07-08,Los Angeles Angels,LAA,97,40,0.41237113402061853,111,66,0.5945945945945946
2026-07-08,Colorado Rockies,COL,103,45,0.4368932038834951,125,79,0.632
2026-07-08,Pittsburgh Pirates,PIT,95,39,0.4105263157894737,76,31,0.40789473684210525
2026-07-09,Houston Astros,HOU,110,68,0.6181818181818182,111,53,0.4774774774774775
2026-07-09,Kansas City Royals,KC,84,46,0.5476190476190477,114,66,0.5789473684210527
2026-07-09,Cincinnati Reds,CIN,108,61,0.5648148148148148,99,72,0.7272727272727273
2026-07-09,Detroit Tigers,DET,91,49,0.5384615384615384,90,61,0.6777777777777778
2026-07-09,Arizona Diamondbacks,AZ,82,45,0.5487804878048781,75,51,0.68
2026-07-09,New York Yankees,NYY,107,55,0.514018691588785,109,64,0.5871559633027523
2026-07-09,Los Angeles Dodgers,LAD,94,49,0.5212765957446809,86,52,0.6046511627906976
2026-07-09,Athletics,ATH,86,46,0.5348837209302325,133,80,0.6015037593984962
2026-07-09,Philadelphia Phillies,PHI,105,51,0.4857142857142857,82,52,0.6341463414634146
2026-07-09,New York Mets,NYM,115,57,0.4956521739130435,99,54,0.5454545454545454
2026-07-09,St. Louis Cardinals,STL,75,37,0.49333333333333335,94,57,0.6063829787234043
2026-07-09,Chicago Cubs,CHC,85,37,0.43529411764705883,90,61,0.6777777777777778
2026-07-09,Milwaukee Brewers,MIL,60,25,0.4166666666666667,145,79,0.5448275862068965
2026-07-09,Chicago White Sox,CWS,80,39,0.4875,143,68,0.4755244755244755
2026-07-09,Texas Rangers,TEX,81,38,0.4691358024691358,82,56,0.6829268292682927
2026-07-09,Baltimore Orioles,BAL,101,51,0.504950495049505,81,42,0.5185185185185185
2026-07-09,Minnesota Twins,MIN,119,57,0.4789915966386555,140,88,0.6285714285714286
2026-07-09,Boston Red Sox,BOS,82,39,0.47560975609756095,76,42,0.5526315789473685
2026-07-09,San Diego Padres,SD,64,26,0.40625,101,60,0.594059405940594
2026-07-09,Miami Marlins,MIA,73,37,0.5068493150684932,141,85,0.6028368794326241
2026-07-09,Tampa Bay Rays,TB,81,37,0.4567901234567901,107,63,0.5887850467289719
2026-07-09,Toronto Blue Jays,TOR,88,41,0.4659090909090909,85,46,0.5411764705882353
2026-07-09,San Francisco Giants,SF,91,42,0.46153846153846156,87,46,0.5287356321839081
2026-07-09,Washington Nationals,WSH,75,31,0.41333333333333333,111,57,0.5135135135135135
2026-07-09,Seattle Mariners,SEA,92,40,0.43478260869565216,95,55,0.5789473684210527
2026-07-09,Cleveland Guardians,CLE,103,40,0.3883495145631068,94,45,0.4787234042553192
2026-07-09,Atlanta Braves,ATL,78,28,0.358974358974359,102,63,0.6176470588235294
2026-07-09,Los Angeles Angels,LAA,98,40,0.40816326530612246,113,68,0.6017699115044248
2026-07-09,Colorado Rockies,COL,103,45,0.4368932038834951,127,80,0.6299212598425197
2026-07-09,Pittsburgh Pirates,PIT,96,40,0.4166666666666667,76,31,0.40789473684210525
2026-07-10,Houston Astros,HOU,110,68,0.6181818181818182,111,53,0.4774774774774775
2026-07-10,Kansas City Royals,KC,84,46,0.5476190476190477,114,66,0.5789473684210527
2026-07-10,Cincinnati Reds,CIN,109,62,0.5688073394495413,100,73,0.73
2026-07-10,Detroit Tigers,DET,91,49,0.5384615384615384,90,61,0.6777777777777778
2026-07-10,Arizona Diamondbacks,AZ,82,45,0.5487804878048781,75,51,0.68
2026-07-10,New York Yankees,NYY,107,55,0.514018691588785,112,66,0.5892857142857143
2026-07-10,Los Angeles Dodgers,LAD,94,49,0.5212765957446809,86,52,0.6046511627906976
2026-07-10,Athletics,ATH,87,46,0.5287356321839081,134,81,0.6044776119402985
2026-07-10,Philadelphia Phillies,PHI,106,51,0.4811320754716981,82,52,0.6341463414634146
2026-07-10,St. Louis Cardinals,STL,76,37,0.4868421052631579,95,58,0.6105263157894737
2026-07-10,New York Mets,NYM,117,57,0.48717948717948717,99,54,0.5454545454545454
2026-07-10,Chicago Cubs,CHC,86,37,0.43023255813953487,91,61,0.6703296703296703
2026-07-10,Milwaukee Brewers,MIL,61,26,0.4262295081967213,146,79,0.541095890410959
2026-07-10,Chicago White Sox,CWS,80,39,0.4875,146,70,0.4794520547945205
2026-07-10,Texas Rangers,TEX,82,38,0.4634146341463415,83,57,0.6867469879518072
2026-07-10,Baltimore Orioles,BAL,101,51,0.504950495049505,83,43,0.5180722891566265
2026-07-10,Minnesota Twins,MIN,119,57,0.4789915966386555,144,90,0.625
2026-07-10,Boston Red Sox,BOS,82,39,0.47560975609756095,77,43,0.5584415584415584
2026-07-10,San Diego Padres,SD,64,26,0.40625,103,60,0.5825242718446602
2026-07-10,Miami Marlins,MIA,73,37,0.5068493150684932,143,85,0.5944055944055944
2026-07-10,Toronto Blue Jays,TOR,88,41,0.4659090909090909,85,46,0.5411764705882353
2026-07-10,Tampa Bay Rays,TB,82,37,0.45121951219512196,107,63,0.5887850467289719
2026-07-10,San Francisco Giants,SF,91,42,0.46153846153846156,87,46,0.5287356321839081
2026-07-10,Washington Nationals,WSH,75,31,0.41333333333333333,111,57,0.5135135135135135
2026-07-10,Seattle Mariners,SEA,92,40,0.43478260869565216,95,55,0.5789473684210527
2026-07-10,Cleveland Guardians,CLE,103,40,0.3883495145631068,96,47,0.4895833333333333
2026-07-10,Atlanta Braves,ATL,80,28,0.35,102,63,0.6176470588235294
2026-07-10,Los Angeles Angels,LAA,99,41,0.41414141414141414,114,68,0.5964912280701754
2026-07-10,Pittsburgh Pirates,PIT,97,41,0.422680412371134,78,31,0.3974358974358974
2026-07-10,Colorado Rockies,COL,105,45,0.42857142857142855,127,80,0.6299212598425197
2026-07-11,Houston Astros,HOU,110,68,0.6181818181818182,113,54,0.4778761061946903
2026-07-11,Kansas City Royals,KC,84,46,0.5476190476190477,114,66,0.5789473684210527
2026-07-11,Cincinnati Reds,CIN,109,62,0.5688073394495413,105,76,0.7238095238095238
2026-07-11,Detroit Tigers,DET,92,50,0.5434782608695652,92,62,0.6739130434782609
2026-07-11,Arizona Diamondbacks,AZ,82,45,0.5487804878048781,78,54,0.6923076923076923
2026-07-11,New York Yankees,NYY,107,55,0.514018691588785,115,68,0.591304347826087
2026-07-11,Los Angeles Dodgers,LAD,94,49,0.5212765957446809,87,52,0.5977011494252874
2026-07-11,Athletics,ATH,87,46,0.5287356321839081,136,83,0.6102941176470589
2026-07-11,Philadelphia Phillies,PHI,108,52,0.48148148148148145,83,52,0.6265060240963856
2026-07-11,St. Louis Cardinals,STL,78,39,0.5,96,58,0.6041666666666666
2026-07-11,New York Mets,NYM,118,58,0.4915254237288136,100,54,0.54
2026-07-11,Milwaukee Brewers,MIL,61,26,0.4262295081967213,146,79,0.541095890410959
2026-07-11,Chicago Cubs,CHC,88,37,0.42045454545454547,93,63,0.6774193548387096
2026-07-11,Minnesota Twins,MIN,121,59,0.48760330578512395,145,90,0.6206896551724138
2026-07-11,Chicago White Sox,CWS,81,39,0.48148148148148145,147,70,0.47619047619047616
2026-07-11,Baltimore Orioles,BAL,101,51,0.504950495049505,84,43,0.5119047619047619
2026-07-11,Texas Rangers,TEX,83,38,0.4578313253012048,83,57,0.6867469879518072
2026-07-11,San Diego Padres,SD,65,27,0.4153846153846154,103,60,0.5825242718446602
2026-07-11,Boston Red Sox,BOS,85,41,0.4823529411764706,78,44,0.5641025641025641
2026-07-11,Miami Marlins,MIA,74,38,0.5135135135135135,145,86,0.593103448275862
2026-07-11,Tampa Bay Rays,TB,82,37,0.45121951219512196,108,64,0.5925925925925926
2026-07-11,Toronto Blue Jays,TOR,88,41,0.4659090909090909,87,47,0.5402298850574713
2026-07-11,Washington Nationals,WSH,75,31,0.41333333333333333,113,58,0.5132743362831859
2026-07-11,San Francisco Giants,SF,92,42,0.45652173913043476,88,46,0.5227272727272727
2026-07-11,Seattle Mariners,SEA,92,40,0.43478260869565216,95,55,0.5789473684210527
2026-07-11,Cleveland Guardians,CLE,104,40,0.38461538461538464,97,47,0.4845360824742268
2026-07-11,Atlanta Braves,ATL,80,28,0.35,103,64,0.6213592233009708
2026-07-11,Los Angeles Angels,LAA,100,41,0.41,115,68,0.591304347826087
2026-07-11,Pittsburgh Pirates,PIT,97,41,0.422680412371134,78,31,0.3974358974358974
2026-07-11,Colorado Rockies,COL,106,46,0.4339622641509434,131,82,0.6259541984732825
2026-07-12,Houston Astros,HOU,113,69,0.6106194690265486,113,54,0.4778761061946903
2026-07-12,Kansas City Royals,KC,85,46,0.5411764705882353,114,66,0.5789473684210527
2026-07-12,Cincinnati Reds,CIN,109,62,0.5688073394495413,107,78,0.7289719626168224
2026-07-12,Arizona Diamondbacks,AZ,83,45,0.5421686746987951,78,54,0.6923076923076923
2026-07-12,Detroit Tigers,DET,93,50,0.5376344086021505,93,63,0.6774193548387096
2026-07-12,New York Yankees,NYY,107,55,0.514018691588785,118,69,0.5847457627118644
2026-07-12,Los Angeles Dodgers,LAD,95,50,0.5263157894736842,87,52,0.5977011494252874
2026-07-12,Athletics,ATH,88,47,0.5340909090909091,137,83,0.6058394160583942
2026-07-12,Philadelphia Phillies,PHI,109,53,0.48623853211009177,83,52,0.6265060240963856
2026-07-12,St. Louis Cardinals,STL,79,40,0.5063291139240507,97,59,0.6082474226804123
2026-07-12,New York Mets,NYM,120,59,0.49166666666666664,102,55,0.5392156862745098
2026-07-12,Chicago Cubs,CHC,88,37,0.42045454545454547,95,64,0.6736842105263158
2026-07-12,Milwaukee Brewers,MIL,65,28,0.4307692307692308,147,79,0.5374149659863946
2026-07-12,Minnesota Twins,MIN,122,60,0.4918032786885246,146,91,0.6232876712328768
2026-07-12,Baltimore Orioles,BAL,102,52,0.5098039215686274,86,44,0.5116279069767442
2026-07-12,Chicago White Sox,CWS,81,39,0.48148148148148145,149,70,0.4697986577181208
2026-07-12,Texas Rangers,TEX,84,38,0.4523809523809524,85,58,0.6823529411764706
2026-07-12,San Diego Padres,SD,67,28,0.417910447761194,105,62,0.5904761904761905
2026-07-12,Boston Red Sox,BOS,86,42,0.4883720930232558,82,46,0.5609756097560976
2026-07-12,Miami Marlins,MIA,76,39,0.5131578947368421,145,86,0.593103448275862
2026-07-12,Tampa Bay Rays,TB,82,37,0.45121951219512196,109,64,0.5871559633027523
2026-07-12,Toronto Blue Jays,TOR,88,41,0.4659090909090909,88,47,0.5340909090909091
2026-07-12,San Francisco Giants,SF,92,42,0.45652173913043476,89,46,0.5168539325842697
2026-07-12,Washington Nationals,WSH,76,31,0.40789473684210525,114,58,0.5087719298245614
2026-07-12,Seattle Mariners,SEA,93,41,0.44086021505376344,95,55,0.5789473684210527
2026-07-12,Cleveland Guardians,CLE,104,40,0.38461538461538464,99,48,0.48484848484848486
2026-07-12,Los Angeles Angels,LAA,103,44,0.42718446601941745,116,69,0.5948275862068966
2026-07-12,Pittsburgh Pirates,PIT,100,42,0.42,81,32,0.3950617283950617
2026-07-12,Atlanta Braves,ATL,81,28,0.345679012345679,106,67,0.6320754716981132
2026-07-12,Colorado Rockies,COL,108,46,0.42592592592592593,133,84,0.631578947368421
2026-07-13,Houston Astros,HOU,114,70,0.6140350877192983,114,54,0.47368421052631576
2026-07-13,Kansas City Royals,KC,85,46,0.5411764705882353,115,66,0.5739130434782609
2026-07-13,Arizona Diamondbacks,AZ,85,47,0.5529411764705883,79,55,0.6962025316455697
2026-07-13,Cincinnati Reds,CIN,111,62,0.5585585585585585,108,79,0.7314814814814815
2026-07-13,Detroit Tigers,DET,94,50,0.5319148936170213,93,63,0.6774193548387096
2026-07-13,New York Yankees,NYY,109,56,0.5137614678899083,120,70,0.5833333333333334
2026-07-13,Los Angeles Dodgers,LAD,95,50,0.5263157894736842,87,52,0.5977011494252874
2026-07-13,Athletics,ATH,88,47,0.5340909090909091,137,83,0.6058394160583942
2026-07-13,St. Louis Cardinals,STL,79,40,0.5063291139240507,98,59,0.6020408163265306
2026-07-13,Philadelphia Phillies,PHI,110,53,0.4818181818181818,83,52,0.6265060240963856
2026-07-13,New York Mets,NYM,120,59,0.49166666666666664,103,55,0.5339805825242718
2026-07-13,Chicago Cubs,CHC,88,37,0.42045454545454547,96,65,0.6770833333333334
2026-07-13,Milwaukee Brewers,MIL,66,28,0.42424242424242425,149,80,0.5369127516778524
2026-07-13,Minnesota Twins,MIN,123,60,0.4878048780487805,147,92,0.6258503401360545
2026-07-13,Chicago White Sox,CWS,82,39,0.47560975609756095,150,70,0.4666666666666667
2026-07-13,Baltimore Orioles,BAL,103,52,0.5048543689320388,87,44,0.5057471264367817
2026-07-13,Texas Rangers,TEX,85,38,0.4470588235294118,86,59,0.686046511627907
2026-07-13,San Diego Padres,SD,69,29,0.42028985507246375,105,62,0.5904761904761905
2026-07-13,Boston Red Sox,BOS,88,43,0.48863636363636365,84,48,0.5714285714285714
2026-07-13,Toronto Blue Jays,TOR,90,43,0.4777777777777778,90,48,0.5333333333333333
2026-07-13,Miami Marlins,MIA,78,40,0.5128205128205128,146,86,0.589041095890411
2026-07-13,Tampa Bay Rays,TB,84,37,0.44047619047619047,110,65,0.5909090909090909
2026-07-13,San Francisco Giants,SF,92,42,0.45652173913043476,90,46,0.5111111111111111
2026-07-13,Seattle Mariners,SEA,94,42,0.44680851063829785,95,55,0.5789473684210527
2026-07-13,Washington Nationals,WSH,76,31,0.40789473684210525,115,59,0.5130434782608696
2026-07-13,Cleveland Guardians,CLE,105,41,0.3904761904761905,101,49,0.48514851485148514
2026-07-13,Los Angeles Angels,LAA,104,44,0.4230769230769231,117,69,0.5897435897435898
2026-07-13,Colorado Rockies,COL,110,48,0.43636363636363634,135,86,0.6370370370370371
2026-07-13,Pittsburgh Pirates,PIT,100,42,0.42,83,33,0.39759036144578314
2026-07-13,Atlanta Braves,ATL,83,29,0.3493975903614458,107,68,0.6355140186915887
2026-07-14,Houston Astros,HOU,114,70,0.6140350877192983,114,54,0.47368421052631576
2026-07-14,Kansas City Royals,KC,85,46,0.5411764705882353,115,66,0.5739130434782609
2026-07-14,Arizona Diamondbacks,AZ,85,47,0.5529411764705883,79,55,0.6962025316455697
2026-07-14,Cincinnati Reds,CIN,111,62,0.5585585585585585,108,79,0.7314814814814815
2026-07-14,Detroit Tigers,DET,94,50,0.5319148936170213,93,63,0.6774193548387096
2026-07-14,New York Yankees,NYY,109,56,0.5137614678899083,120,70,0.5833333333333334
2026-07-14,Los Angeles Dodgers,LAD,95,50,0.5263157894736842,87,52,0.5977011494252874
2026-07-14,Athletics,ATH,88,47,0.5340909090909091,137,83,0.6058394160583942
2026-07-14,St. Louis Cardinals,STL,79,40,0.5063291139240507,98,59,0.6020408163265306
2026-07-14,Philadelphia Phillies,PHI,110,53,0.4818181818181818,83,52,0.6265060240963856
2026-07-14,New York Mets,NYM,120,59,0.49166666666666664,103,55,0.5339805825242718
2026-07-14,Chicago Cubs,CHC,88,37,0.42045454545454547,96,65,0.6770833333333334
2026-07-14,Milwaukee Brewers,MIL,66,28,0.42424242424242425,149,80,0.5369127516778524
2026-07-14,Minnesota Twins,MIN,123,60,0.4878048780487805,147,92,0.6258503401360545
2026-07-14,Chicago White Sox,CWS,82,39,0.47560975609756095,150,70,0.4666666666666667
2026-07-14,Baltimore Orioles,BAL,103,52,0.5048543689320388,87,44,0.5057471264367817
2026-07-14,Texas Rangers,TEX,85,38,0.4470588235294118,86,59,0.686046511627907
2026-07-14,San Diego Padres,SD,69,29,0.42028985507246375,105,62,0.5904761904761905
2026-07-14,Boston Red Sox,BOS,88,43,0.48863636363636365,84,48,0.5714285714285714
2026-07-14,Toronto Blue Jays,TOR,90,43,0.4777777777777778,90,48,0.5333333333333333
2026-07-14,Miami Marlins,MIA,78,40,0.5128205128205128,146,86,0.589041095890411
2026-07-14,Tampa Bay Rays,TB,84,37,0.44047619047619047,110,65,0.5909090909090909
2026-07-14,San Francisco Giants,SF,92,42,0.45652173913043476,90,46,0.5111111111111111
2026-07-14,Seattle Mariners,SEA,94,42,0.44680851063829785,95,55,0.5789473684210527
2026-07-14,Washington Nationals,WSH,76,31,0.40789473684210525,115,59,0.5130434782608696
2026-07-14,Cleveland Guardians,CLE,105,41,0.3904761904761905,101,49,0.48514851485148514
2026-07-14,Los Angeles Angels,LAA,104,44,0.4230769230769231,117,69,0.5897435897435898
2026-07-14,Colorado Rockies,COL,110,48,0.43636363636363634,135,86,0.6370370370370371
2026-07-14,Pittsburgh Pirates,PIT,100,42,0.42,83,33,0.39759036144578314
2026-07-14,Atlanta Braves,ATL,83,29,0.3493975903614458,107,68,0.6355140186915887
2026-07-15,Houston Astros,HOU,114,70,0.6140350877192983,114,54,0.47368421052631576
2026-07-15,Kansas City Royals,KC,85,46,0.5411764705882353,115,66,0.5739130434782609
2026-07-15,Arizona Diamondbacks,AZ,85,47,0.5529411764705883,79,55,0.6962025316455697
2026-07-15,Cincinnati Reds,CIN,111,62,0.5585585585585585,108,79,0.7314814814814815
2026-07-15,Detroit Tigers,DET,94,50,0.5319148936170213,93,63,0.6774193548387096
2026-07-15,New York Yankees,NYY,109,56,0.5137614678899083,120,70,0.5833333333333334
2026-07-15,Los Angeles Dodgers,LAD,95,50,0.5263157894736842,87,52,0.5977011494252874
2026-07-15,Athletics,ATH,88,47,0.5340909090909091,137,83,0.6058394160583942
2026-07-15,St. Louis Cardinals,STL,79,40,0.5063291139240507,98,59,0.6020408163265306
2026-07-15,Philadelphia Phillies,PHI,110,53,0.4818181818181818,83,52,0.6265060240963856
2026-07-15,New York Mets,NYM,120,59,0.49166666666666664,103,55,0.5339805825242718
2026-07-15,Chicago Cubs,CHC,88,37,0.42045454545454547,96,65,0.6770833333333334
2026-07-15,Milwaukee Brewers,MIL,66,28,0.42424242424242425,149,80,0.5369127516778524
2026-07-15,Minnesota Twins,MIN,123,60,0.4878048780487805,147,92,0.6258503401360545
2026-07-15,Chicago White Sox,CWS,82,39,0.47560975609756095,150,70,0.4666666666666667
2026-07-15,Baltimore Orioles,BAL,103,52,0.5048543689320388,87,44,0.5057471264367817
2026-07-15,Texas Rangers,TEX,85,38,0.4470588235294118,86,59,0.686046511627907
2026-07-15,San Diego Padres,SD,69,29,0.42028985507246375,105,62,0.5904761904761905
2026-07-15,Boston Red Sox,BOS,88,43,0.48863636363636365,84,48,0.5714285714285714
2026-07-15,Toronto Blue Jays,TOR,90,43,0.4777777777777778,90,48,0.5333333333333333
2026-07-15,Miami Marlins,MIA,78,40,0.5128205128205128,146,86,0.589041095890411
2026-07-15,Tampa Bay Rays,TB,84,37,0.44047619047619047,110,65,0.5909090909090909
2026-07-15,San Francisco Giants,SF,92,42,0.45652173913043476,90,46,0.5111111111111111
2026-07-15,Seattle Mariners,SEA,94,42,0.44680851063829785,95,55,0.5789473684210527
2026-07-15,Washington Nationals,WSH,76,31,0.40789473684210525,115,59,0.5130434782608696
2026-07-15,Cleveland Guardians,CLE,105,41,0.3904761904761905,101,49,0.48514851485148514
2026-07-15,Los Angeles Angels,LAA,104,44,0.4230769230769231,117,69,0.5897435897435898
2026-07-15,Colorado Rockies,COL,110,48,0.43636363636363634,135,86,0.6370370370370371
2026-07-15,Pittsburgh Pirates,PIT,100,42,0.42,83,33,0.39759036144578314
2026-07-15,Atlanta Braves,ATL,83,29,0.3493975903614458,107,68,0.6355140186915887
2026-07-16,Houston Astros,HOU,114,70,0.6140350877192983,114,54,0.47368421052631576
2026-07-16,Kansas City Royals,KC,85,46,0.5411764705882353,115,66,0.5739130434782609
2026-07-16,Arizona Diamondbacks,AZ,85,47,0.5529411764705883,79,55,0.6962025316455697
2026-07-16,Cincinnati Reds,CIN,111,62,0.5585585585585585,108,79,0.7314814814814815
2026-07-16,Detroit Tigers,DET,94,50,0.5319148936170213,93,63,0.6774193548387096
2026-07-16,New York Yankees,NYY,109,56,0.5137614678899083,120,70,0.5833333333333334
2026-07-16,Los Angeles Dodgers,LAD,95,50,0.5263157894736842,87,52,0.5977011494252874
2026-07-16,Athletics,ATH,88,47,0.5340909090909091,137,83,0.6058394160583942
2026-07-16,St. Louis Cardinals,STL,79,40,0.5063291139240507,98,59,0.6020408163265306
2026-07-16,Philadelphia Phillies,PHI,110,53,0.4818181818181818,83,52,0.6265060240963856
2026-07-16,New York Mets,NYM,120,59,0.49166666666666664,103,55,0.5339805825242718
2026-07-16,Chicago Cubs,CHC,88,37,0.42045454545454547,96,65,0.6770833333333334
2026-07-16,Milwaukee Brewers,MIL,66,28,0.42424242424242425,149,80,0.5369127516778524
2026-07-16,Minnesota Twins,MIN,123,60,0.4878048780487805,147,92,0.6258503401360545
2026-07-16,Chicago White Sox,CWS,82,39,0.47560975609756095,150,70,0.4666666666666667
2026-07-16,Baltimore Orioles,BAL,103,52,0.5048543689320388,87,44,0.5057471264367817
2026-07-16,Texas Rangers,TEX,85,38,0.4470588235294118,86,59,0.686046511627907
2026-07-16,San Diego Padres,SD,69,29,0.42028985507246375,105,62,0.5904761904761905
2026-07-16,Boston Red Sox,BOS,88,43,0.48863636363636365,84,48,0.5714285714285714
2026-07-16,Toronto Blue Jays,TOR,90,43,0.4777777777777778,90,48,0.5333333333333333
2026-07-16,Miami Marlins,MIA,78,40,0.5128205128205128,146,86,0.589041095890411
2026-07-16,Tampa Bay Rays,TB,84,37,0.44047619047619047,110,65,0.5909090909090909
2026-07-16,San Francisco Giants,SF,92,42,0.45652173913043476,90,46,0.5111111111111111
2026-07-16,Seattle Mariners,SEA,94,42,0.44680851063829785,95,55,0.5789473684210527
2026-07-16,Washington Nationals,WSH,76,31,0.40789473684210525,115,59,0.5130434782608696
2026-07-16,Cleveland Guardians,CLE,105,41,0.3904761904761905,101,49,0.48514851485148514
2026-07-16,Los Angeles Angels,LAA,104,44,0.4230769230769231,117,69,0.5897435897435898
2026-07-16,Colorado Rockies,COL,110,48,0.43636363636363634,135,86,0.6370370370370371
2026-07-16,Pittsburgh Pirates,PIT,100,42,0.42,83,33,0.39759036144578314
2026-07-16,Atlanta Braves,ATL,83,29,0.3493975903614458,107,68,0.6355140186915887
2026-07-17,Houston Astros,HOU,114,70,0.6140350877192983,114,54,0.47368421052631576
2026-07-17,Kansas City Royals,KC,85,46,0.5411764705882353,115,66,0.5739130434782609
2026-07-17,Arizona Diamondbacks,AZ,85,47,0.5529411764705883,79,55,0.6962025316455697
2026-07-17,Cincinnati Reds,CIN,111,62,0.5585585585585585,108,79,0.7314814814814815
2026-07-17,Detroit Tigers,DET,94,50,0.5319148936170213,93,63,0.6774193548387096
2026-07-17,New York Yankees,NYY,109,56,0.5137614678899083,120,70,0.5833333333333334
2026-07-17,Los Angeles Dodgers,LAD,95,50,0.5263157894736842,87,52,0.5977011494252874
2026-07-17,Athletics,ATH,88,47,0.5340909090909091,137,83,0.6058394160583942
2026-07-17,St. Louis Cardinals,STL,79,40,0.5063291139240507,98,59,0.6020408163265306
2026-07-17,Philadelphia Phillies,PHI,111,53,0.4774774774774775,83,52,0.6265060240963856
2026-07-17,New York Mets,NYM,121,59,0.48760330578512395,105,56,0.5333333333333333
2026-07-17,Chicago Cubs,CHC,88,37,0.42045454545454547,96,65,0.6770833333333334
2026-07-17,Milwaukee Brewers,MIL,66,28,0.42424242424242425,149,80,0.5369127516778524
2026-07-17,Minnesota Twins,MIN,123,60,0.4878048780487805,147,92,0.6258503401360545
2026-07-17,Chicago White Sox,CWS,82,39,0.47560975609756095,150,70,0.4666666666666667
2026-07-17,Baltimore Orioles,BAL,103,52,0.5048543689320388,87,44,0.5057471264367817
2026-07-17,Texas Rangers,TEX,85,38,0.4470588235294118,86,59,0.686046511627907
2026-07-17,San Diego Padres,SD,69,29,0.42028985507246375,105,62,0.5904761904761905
2026-07-17,Boston Red Sox,BOS,88,43,0.48863636363636365,84,48,0.5714285714285714
2026-07-17,Toronto Blue Jays,TOR,90,43,0.4777777777777778,90,48,0.5333333333333333
2026-07-17,Miami Marlins,MIA,78,40,0.5128205128205128,146,86,0.589041095890411
2026-07-17,Tampa Bay Rays,TB,84,37,0.44047619047619047,110,65,0.5909090909090909
2026-07-17,San Francisco Giants,SF,92,42,0.45652173913043476,90,46,0.5111111111111111
2026-07-17,Seattle Mariners,SEA,94,42,0.44680851063829785,95,55,0.5789473684210527
2026-07-17,Washington Nationals,WSH,76,31,0.40789473684210525,115,59,0.5130434782608696
2026-07-17,Cleveland Guardians,CLE,105,41,0.3904761904761905,101,49,0.48514851485148514
2026-07-17,Los Angeles Angels,LAA,104,44,0.4230769230769231,117,69,0.5897435897435898
2026-07-17,Colorado Rockies,COL,110,48,0.43636363636363634,135,86,0.6370370370370371
2026-07-17,Pittsburgh Pirates,PIT,100,42,0.42,83,33,0.39759036144578314
2026-07-17,Atlanta Braves,ATL,83,29,0.3493975903614458,107,68,0.6355140186915887
2026-07-18,Houston Astros,HOU,115,70,0.6086956521739131,115,54,0.46956521739130436
2026-07-18,Arizona Diamondbacks,AZ,88,50,0.5681818181818182,80,56,0.7
2026-07-18,Kansas City Royals,KC,86,46,0.5348837209302325,116,67,0.5775862068965517
2026-07-18,Cincinnati Reds,CIN,111,62,0.5585585585585585,111,81,0.7297297297297297
2026-07-18,Detroit Tigers,DET,94,50,0.5319148936170213,94,64,0.6808510638297872
2026-07-18,New York Yankees,NYY,111,57,0.5135135135135135,121,70,0.5785123966942148
2026-07-18,Los Angeles Dodgers,LAD,96,51,0.53125,87,52,0.5977011494252874
2026-07-18,St. Louis Cardinals,STL,80,41,0.5125,99,59,0.5959595959595959
2026-07-18,Athletics,ATH,90,47,0.5222222222222223,139,85,0.6115107913669064
2026-07-18,Philadelphia Phillies,PHI,111,53,0.4774774774774775,83,52,0.6265060240963856
2026-07-18,New York Mets,NYM,121,59,0.48760330578512395,105,56,0.5333333333333333
2026-07-18,Chicago Cubs,CHC,89,37,0.4157303370786517,97,66,0.6804123711340206
2026-07-18,Milwaukee Brewers,MIL,66,28,0.42424242424242425,150,81,0.54
2026-07-18,Minnesota Twins,MIN,125,61,0.488,150,95,0.6333333333333333
2026-07-18,Chicago White Sox,CWS,82,39,0.47560975609756095,154,72,0.4675324675324675
2026-07-18,Texas Rangers,TEX,85,38,0.4470588235294118,87,60,0.6896551724137931
2026-07-18,Toronto Blue Jays,TOR,90,43,0.4777777777777778,93,50,0.5376344086021505
2026-07-18,San Diego Padres,SD,69,29,0.42028985507246375,108,63,0.5833333333333334
2026-07-18,Baltimore Orioles,BAL,105,52,0.49523809523809526,87,44,0.5057471264367817
2026-07-18,Boston Red Sox,BOS,89,43,0.48314606741573035,85,48,0.5647058823529412
2026-07-18,Miami Marlins,MIA,80,41,0.5125,148,87,0.5878378378378378
2026-07-18,Tampa Bay Rays,TB,85,37,0.43529411764705883,111,65,0.5855855855855856
2026-07-18,San Francisco Giants,SF,93,42,0.45161290322580644,91,46,0.5054945054945055
2026-07-18,Seattle Mariners,SEA,96,43,0.4479166666666667,96,56,0.5833333333333334
2026-07-18,Washington Nationals,WSH,76,31,0.40789473684210525,117,60,0.5128205128205128
2026-07-18,Cleveland Guardians,CLE,105,41,0.3904761904761905,101,49,0.48514851485148514
2026-07-18,Colorado Rockies,COL,110,48,0.43636363636363634,135,86,0.6370370370370371
2026-07-18,Pittsburgh Pirates,PIT,100,42,0.42,83,33,0.39759036144578314
2026-07-18,Los Angeles Angels,LAA,106,44,0.41509433962264153,117,69,0.5897435897435898
2026-07-18,Atlanta Braves,ATL,84,29,0.34523809523809523,107,68,0.6355140186915887
2026-07-19,Houston Astros,HOU,116,70,0.603448275862069,118,57,0.4830508474576271
2026-07-19,Arizona Diamondbacks,AZ,88,50,0.5681818181818182,81,56,0.691358024691358
2026-07-19,Kansas City Royals,KC,86,46,0.5348837209302325,118,69,0.5847457627118644
2026-07-19,Cincinnati Reds,CIN,111,62,0.5585585585585585,112,82,0.7321428571428571
2026-07-19,Detroit Tigers,DET,95,50,0.5263157894736842,96,65,0.6770833333333334
2026-07-19,New York Yankees,NYY,111,57,0.5135135135135135,121,70,0.5785123966942148
2026-07-19,Los Angeles Dodgers,LAD,96,51,0.53125,87,52,0.5977011494252874
2026-07-19,St. Louis Cardinals,STL,81,41,0.5061728395061729,99,59,0.5959595959595959
2026-07-19,Athletics,ATH,92,47,0.5108695652173914,139,85,0.6115107913669064
2026-07-19,Philadelphia Phillies,PHI,112,53,0.4732142857142857,84,52,0.6190476190476191
2026-07-19,Chicago Cubs,CHC,90,38,0.4222222222222222,98,67,0.6836734693877551
2026-07-19,New York Mets,NYM,123,59,0.4796747967479675,107,58,0.5420560747663551
2026-07-19,Minnesota Twins,MIN,125,61,0.488,152,96,0.631578947368421
2026-07-19,Milwaukee Brewers,MIL,69,29,0.42028985507246375,152,83,0.5460526315789473
2026-07-19,Toronto Blue Jays,TOR,91,44,0.4835164835164835,94,51,0.5425531914893617
2026-07-19,Texas Rangers,TEX,85,38,0.4470588235294118,88,61,0.6931818181818182
2026-07-19,Chicago White Sox,CWS,83,39,0.46987951807228917,155,72,0.4645161290322581
2026-07-19,San Diego Padres,SD,69,29,0.42028985507246375,109,63,0.5779816513761468
2026-07-19,Boston Red Sox,BOS,90,44,0.4888888888888889,87,48,0.5517241379310345
2026-07-19,Baltimore Orioles,BAL,107,53,0.4953271028037383,88,45,0.5113636363636364
2026-07-19,Miami Marlins,MIA,81,42,0.5185185185185185,150,88,0.5866666666666667
2026-07-19,Tampa Bay Rays,TB,85,37,0.43529411764705883,112,66,0.5892857142857143
2026-07-19,San Francisco Giants,SF,93,42,0.45161290322580644,93,47,0.5053763440860215
2026-07-19,Washington Nationals,WSH,77,32,0.4155844155844156,117,60,0.5128205128205128
2026-07-19,Seattle Mariners,SEA,97,43,0.44329896907216493,97,57,0.5876288659793815
2026-07-19,Cleveland Guardians,CLE,106,41,0.3867924528301887,103,50,0.4854368932038835
2026-07-19,Pittsburgh Pirates,PIT,103,44,0.42718446601941745,89,37,0.4157303370786517
2026-07-19,Colorado Rockies,COL,111,48,0.43243243243243246,136,86,0.6323529411764706
2026-07-19,Atlanta Braves,ATL,84,29,0.34523809523809523,107,68,0.6355140186915887
2026-07-19,Los Angeles Angels,LAA,107,45,0.4205607476635514,119,71,0.5966386554621849
2026-07-20,Houston Astros,HOU,117,71,0.6068376068376068,122,59,0.48360655737704916
2026-07-20,Arizona Diamondbacks,AZ,89,51,0.5730337078651685,83,58,0.6987951807228916
2026-07-20,Kansas City Royals,KC,86,46,0.5348837209302325,119,69,0.5798319327731093
2026-07-20,Cincinnati Reds,CIN,112,63,0.5625,116,85,0.7327586206896551
2026-07-20,Detroit Tigers,DET,95,50,0.5263157894736842,96,65,0.6770833333333334
2026-07-20,New York Yankees,NYY,113,58,0.5132743362831859,127,75,0.5905511811023622
2026-07-20,Los Angeles Dodgers,LAD,98,52,0.5306122448979592,90,55,0.6111111111111112
2026-07-20,Philadelphia Phillies,PHI,113,54,0.4778761061946903,86,54,0.627906976744186
2026-07-20,St. Louis Cardinals,STL,82,41,0.5,100,59,0.59
2026-07-20,Athletics,ATH,93,47,0.5053763440860215,142,87,0.6126760563380281
2026-07-20,New York Mets,NYM,126,61,0.48412698412698413,109,59,0.5412844036697247
2026-07-20,Chicago Cubs,CHC,90,38,0.4222222222222222,99,67,0.6767676767676768
2026-07-20,Milwaukee Brewers,MIL,71,31,0.43661971830985913,153,83,0.5424836601307189
2026-07-20,Minnesota Twins,MIN,125,61,0.488,158,100,0.6329113924050633
2026-07-20,Toronto Blue Jays,TOR,93,46,0.4946236559139785,95,52,0.5473684210526316
2026-07-20,Texas Rangers,TEX,86,39,0.45348837209302323,89,61,0.6853932584269663
2026-07-20,Boston Red Sox,BOS,91,45,0.4945054945054945,88,49,0.5568181818181818
2026-07-20,Baltimore Orioles,BAL,107,53,0.4953271028037383,88,45,0.5113636363636364
2026-07-20,Chicago White Sox,CWS,86,40,0.46511627906976744,156,73,0.46794871794871795
2026-07-20,San Diego Padres,SD,70,29,0.4142857142857143,110,63,0.5727272727272728
2026-07-20,Miami Marlins,MIA,81,42,0.5185185185185185,151,88,0.5827814569536424
2026-07-20,San Francisco Giants,SF,95,44,0.4631578947368421,93,47,0.5053763440860215
2026-07-20,Tampa Bay Rays,TB,86,37,0.43023255813953487,113,66,0.584070796460177
2026-07-20,Washington Nationals,WSH,79,33,0.4177215189873418,117,60,0.5128205128205128
2026-07-20,Seattle Mariners,SEA,97,43,0.44329896907216493,99,58,0.5858585858585859
2026-07-20,Cleveland Guardians,CLE,106,41,0.3867924528301887,106,52,0.49056603773584906
2026-07-20,Pittsburgh Pirates,PIT,104,45,0.4326923076923077,91,38,0.4175824175824176
2026-07-20,Los Angeles Angels,LAA,109,47,0.43119266055045874,122,74,0.6065573770491803
2026-07-20,Colorado Rockies,COL,114,49,0.4298245614035088,138,88,0.6376811594202898
2026-07-20,Atlanta Braves,ATL,84,29,0.34523809523809523,107,68,0.6355140186915887
2026-07-21,Houston Astros,HOU,119,72,0.6050420168067226,123,60,0.4878048780487805
2026-07-21,Arizona Diamondbacks,AZ,89,51,0.5730337078651685,85,59,0.6941176470588235
2026-07-21,Kansas City Royals,KC,90,48,0.5333333333333333,119,69,0.5798319327731093
2026-07-21,Cincinnati Reds,CIN,112,63,0.5625,117,85,0.7264957264957265
2026-07-21,Detroit Tigers,DET,97,51,0.5257731958762887,97,65,0.6701030927835051
2026-07-21,Los Angeles Dodgers,LAD,99,53,0.5353535353535354,91,56,0.6153846153846154
2026-07-21,New York Yankees,NYY,115,59,0.5130434782608696,129,76,0.5891472868217055
2026-07-21,Philadelphia Phillies,PHI,114,54,0.47368421052631576,88,56,0.6363636363636364
2026-07-21,St. Louis Cardinals,STL,84,42,0.5,101,59,0.5841584158415841
2026-07-21,New York Mets,NYM,128,63,0.4921875,110,60,0.5454545454545454
2026-07-21,Athletics,ATH,93,47,0.5053763440860215,144,89,0.6180555555555556
2026-07-21,Chicago Cubs,CHC,90,38,0.4222222222222222,102,68,0.6666666666666666
2026-07-21,Milwaukee Brewers,MIL,71,31,0.43661971830985913,154,83,0.538961038961039
2026-07-21,Toronto Blue Jays,TOR,93,46,0.4946236559139785,95,52,0.5473684210526316
2026-07-21,Minnesota Twins,MIN,126,61,0.48412698412698413,159,100,0.6289308176100629
2026-07-21,Texas Rangers,TEX,87,39,0.4482758620689655,90,61,0.6777777777777778
2026-07-21,Baltimore Orioles,BAL,109,54,0.4954128440366973,88,45,0.5113636363636364
2026-07-21,Boston Red Sox,BOS,92,45,0.4891304347826087,89,50,0.5617977528089888
2026-07-21,San Francisco Giants,SF,99,47,0.47474747474747475,93,47,0.5053763440860215
2026-07-21,San Diego Padres,SD,70,29,0.4142857142857143,110,63,0.5727272727272728
2026-07-21,Chicago White Sox,CWS,86,40,0.46511627906976744,157,73,0.46496815286624205
2026-07-21,Miami Marlins,MIA,82,42,0.5121951219512195,152,88,0.5789473684210527
2026-07-21,Tampa Bay Rays,TB,86,37,0.43023255813953487,113,66,0.584070796460177
2026-07-21,Washington Nationals,WSH,79,33,0.4177215189873418,118,61,0.5169491525423728
2026-07-21,Seattle Mariners,SEA,99,44,0.4444444444444444,100,58,0.58
2026-07-21,Pittsburgh Pirates,PIT,106,47,0.44339622641509435,92,38,0.41304347826086957
2026-07-21,Cleveland Guardians,CLE,108,41,0.37962962962962965,107,53,0.4953271028037383
2026-07-21,Los Angeles Angels,LAA,113,50,0.4424778761061947,123,75,0.6097560975609756
2026-07-21,Atlanta Braves,ATL,86,30,0.3488372093023256,109,69,0.6330275229357798
2026-07-21,Colorado Rockies,COL,115,49,0.4260869565217391,139,89,0.6402877697841727
2026-07-22,Houston Astros,HOU,121,72,0.5950413223140496,125,62,0.496
2026-07-22,Kansas City Royals,KC,91,49,0.5384615384615384,121,70,0.5785123966942148
2026-07-22,Arizona Diamondbacks,AZ,90,51,0.5666666666666667,86,59,0.686046511627907
2026-07-22,Cincinnati Reds,CIN,112,63,0.5625,119,85,0.7142857142857143
2026-07-22,Detroit Tigers,DET,97,51,0.5257731958762887,97,65,0.6701030927835051
2026-07-22,Los Angeles Dodgers,LAD,101,54,0.5346534653465347,91,56,0.6153846153846154
2026-07-22,New York Yankees,NYY,115,59,0.5130434782608696,129,76,0.5891472868217055
2026-07-22,Philadelphia Phillies,PHI,115,55,0.4782608695652174,88,56,0.6363636363636364
2026-07-22,New York Mets,NYM,128,63,0.4921875,110,60,0.5454545454545454
2026-07-22,St. Louis Cardinals,STL,85,42,0.49411764705882355,102,59,0.5784313725490197
2026-07-22,Athletics,ATH,94,47,0.5,146,90,0.6164383561643836
2026-07-22,Chicago Cubs,CHC,90,38,0.4222222222222222,103,69,0.6699029126213593
2026-07-22,Milwaukee Brewers,MIL,71,31,0.43661971830985913,156,83,0.532051282051282
2026-07-22,Toronto Blue Jays,TOR,95,47,0.49473684210526314,95,52,0.5473684210526316
2026-07-22,Minnesota Twins,MIN,127,61,0.48031496062992124,160,100,0.625
2026-07-22,Texas Rangers,TEX,88,40,0.45454545454545453,90,61,0.6777777777777778
2026-07-22,San Francisco Giants,SF,100,48,0.48,94,48,0.5106382978723404
2026-07-22,Baltimore Orioles,BAL,109,54,0.4954128440366973,88,45,0.5113636363636364
2026-07-22,Boston Red Sox,BOS,92,45,0.4891304347826087,89,50,0.5617977528089888
2026-07-22,Miami Marlins,MIA,84,44,0.5238095238095238,152,88,0.5789473684210527
2026-07-22,Chicago White Sox,CWS,86,40,0.46511627906976744,159,73,0.4591194968553459
2026-07-22,San Diego Padres,SD,71,29,0.4084507042253521,113,65,0.5752212389380531
2026-07-22,Washington Nationals,WSH,79,33,0.4177215189873418,120,63,0.525
2026-07-22,Tampa Bay Rays,TB,88,38,0.4318181818181818,113,66,0.584070796460177
2026-07-22,Seattle Mariners,SEA,100,44,0.44,100,58,0.58
2026-07-22,Pittsburgh Pirates,PIT,106,47,0.44339622641509435,92,38,0.41304347826086957
2026-07-22,Cleveland Guardians,CLE,110,42,0.38181818181818183,108,54,0.5
2026-07-22,Los Angeles Angels,LAA,115,50,0.43478260869565216,123,75,0.6097560975609756
2026-07-22,Atlanta Braves,ATL,86,30,0.3488372093023256,109,69,0.6330275229357798
2026-07-22,Colorado Rockies,COL,116,50,0.43103448275862066,140,89,0.6357142857142857
2026-07-23,Houston Astros,HOU,122,73,0.5983606557377049,127,63,0.49606299212598426
2026-07-23,Kansas City Royals,KC,91,49,0.5384615384615384,124,71,0.5725806451612904
2026-07-23,Arizona Diamondbacks,AZ,92,52,0.5652173913043478,86,59,0.686046511627907
2026-07-23,Cincinnati Reds,CIN,114,64,0.5614035087719298,120,86,0.7166666666666667
2026-07-23,Detroit Tigers,DET,97,51,0.5257731958762887,99,66,0.6666666666666666
2026-07-23,Los Angeles Dodgers,LAD,104,55,0.5288461538461539,91,56,0.6153846153846154
2026-07-23,New York Yankees,NYY,118,59,0.5,132,78,0.5909090909090909
2026-07-23,Philadelphia Phillies,PHI,115,55,0.4782608695652174,89,57,0.6404494382022472
2026-07-23,New York Mets,NYM,131,64,0.48854961832061067,111,61,0.5495495495495496
2026-07-23,St. Louis Cardinals,STL,87,43,0.4942528735632184,102,59,0.5784313725490197
2026-07-23,Athletics,ATH,94,47,0.5,148,91,0.6148648648648649
2026-07-23,Chicago Cubs,CHC,91,38,0.4175824175824176,103,69,0.6699029126213593
2026-07-23,Toronto Blue Jays,TOR,95,47,0.49473684210526314,97,53,0.5463917525773195
2026-07-23,Milwaukee Brewers,MIL,71,31,0.43661971830985913,159,86,0.5408805031446541
2026-07-23,Texas Rangers,TEX,92,43,0.4673913043478261,92,62,0.6739130434782609
2026-07-23,Minnesota Twins,MIN,127,61,0.48031496062992124,162,100,0.6172839506172839
2026-07-23,Chicago White Sox,CWS,87,41,0.47126436781609193,160,73,0.45625
2026-07-23,Baltimore Orioles,BAL,111,55,0.4954954954954955,89,46,0.5168539325842697
2026-07-23,Boston Red Sox,BOS,94,46,0.48936170212765956,92,51,0.5543478260869565
2026-07-23,San Francisco Giants,SF,100,48,0.48,95,49,0.5157894736842106
2026-07-23,San Diego Padres,SD,71,29,0.4084507042253521,115,67,0.5826086956521739
2026-07-23,Miami Marlins,MIA,85,44,0.5176470588235295,153,88,0.5751633986928104
2026-07-23,Washington Nationals,WSH,79,33,0.4177215189873418,126,67,0.5317460317460317
2026-07-23,Tampa Bay Rays,TB,88,38,0.4318181818181818,114,67,0.5877192982456141
2026-07-23,Seattle Mariners,SEA,102,45,0.4411764705882353,102,60,0.5882352941176471
2026-07-23,Cleveland Guardians,CLE,110,42,0.38181818181818183,110,55,0.5
2026-07-23,Los Angeles Angels,LAA,115,50,0.43478260869565216,125,76,0.608
2026-07-23,Pittsburgh Pirates,PIT,110,48,0.43636363636363634,93,39,0.41935483870967744
2026-07-23,Atlanta Braves,ATL,87,30,0.3448275862068966,110,69,0.6272727272727273
2026-07-23,Colorado Rockies,COL,119,52,0.4369747899159664,142,90,0.6338028169014085
2026-07-24,Houston Astros,HOU,122,73,0.5983606557377049,127,63,0.49606299212598426
2026-07-24,Kansas City Royals,KC,92,50,0.5434782608695652,125,71,0.568
2026-07-24,Arizona Diamondbacks,AZ,92,52,0.5652173913043478,88,60,0.6818181818181818
2026-07-24,Cincinnati Reds,CIN,114,64,0.5614035087719298,120,86,0.7166666666666667
2026-07-24,Detroit Tigers,DET,98,51,0.5204081632653061,102,68,0.6666666666666666
2026-07-24,Los Angeles Dodgers,LAD,104,55,0.5288461538461539,91,56,0.6153846153846154
2026-07-24,New York Yankees,NYY,118,59,0.5,132,78,0.5909090909090909
2026-07-24,Philadelphia Phillies,PHI,115,55,0.4782608695652174,89,57,0.6404494382022472
2026-07-24,New York Mets,NYM,131,64,0.48854961832061067,111,61,0.5495495495495496
2026-07-24,St. Louis Cardinals,STL,89,44,0.4943820224719101,102,59,0.5784313725490197
2026-07-24,Athletics,ATH,94,47,0.5,148,91,0.6148648648648649
2026-07-24,Toronto Blue Jays,TOR,97,49,0.5051546391752577,98,54,0.5510204081632653
2026-07-24,Chicago Cubs,CHC,91,38,0.4175824175824176,103,69,0.6699029126213593
2026-07-24,Milwaukee Brewers,MIL,71,31,0.43661971830985913,159,86,0.5408805031446541
2026-07-24,Texas Rangers,TEX,92,43,0.4673913043478261,92,62,0.6739130434782609
2026-07-24,Minnesota Twins,MIN,127,61,0.48031496062992124,164,102,0.6219512195121951
2026-07-24,Chicago White Sox,CWS,87,41,0.47126436781609193,160,73,0.45625
2026-07-24,Baltimore Orioles,BAL,111,55,0.4954954954954955,89,46,0.5168539325842697
2026-07-24,San Diego Padres,SD,72,30,0.4166666666666667,116,67,0.5775862068965517
2026-07-24,Boston Red Sox,BOS,94,46,0.48936170212765956,92,51,0.5543478260869565
2026-07-24,San Francisco Giants,SF,100,48,0.48,95,49,0.5157894736842106
2026-07-24,Miami Marlins,MIA,85,44,0.5176470588235295,153,88,0.5751633986928104
2026-07-24,Washington Nationals,WSH,79,33,0.4177215189873418,126,67,0.5317460317460317
2026-07-24,Tampa Bay Rays,TB,90,39,0.43333333333333335,114,67,0.5877192982456141
2026-07-24,Seattle Mariners,SEA,102,45,0.4411764705882353,102,60,0.5882352941176471
2026-07-24,Cleveland Guardians,CLE,112,43,0.38392857142857145,112,57,0.5089285714285714
2026-07-24,Los Angeles Angels,LAA,115,50,0.43478260869565216,125,76,0.608
2026-07-24,Pittsburgh Pirates,PIT,110,48,0.43636363636363634,93,39,0.41935483870967744
2026-07-24,Atlanta Braves,ATL,87,30,0.3448275862068966,110,69,0.6272727272727273
2026-07-24,Colorado Rockies,COL,119,52,0.4369747899159664,142,90,0.6338028169014085
2026-07-25,Houston Astros,HOU,124,73,0.5887096774193549,128,64,0.5
2026-07-25,Kansas City Royals,KC,93,50,0.5376344086021505,126,72,0.5714285714285714
2026-07-25,Arizona Diamondbacks,AZ,92,52,0.5652173913043478,88,60,0.6818181818181818
2026-07-25,Cincinnati Reds,CIN,115,64,0.5565217391304348,120,86,0.7166666666666667
2026-07-25,Detroit Tigers,DET,99,52,0.5252525252525253,102,68,0.6666666666666666
2026-07-25,Los Angeles Dodgers,LAD,106,57,0.5377358490566038,91,56,0.6153846153846154
2026-07-25,New York Yankees,NYY,119,60,0.5042016806722689,132,78,0.5909090909090909
2026-07-25,Philadelphia Phillies,PHI,117,56,0.47863247863247865,90,58,0.6444444444444445
2026-07-25,New York Mets,NYM,133,66,0.49624060150375937,112,62,0.5535714285714286
2026-07-25,St. Louis Cardinals,STL,89,44,0.4943820224719101,103,59,0.5728155339805825
2026-07-25,Athletics,ATH,95,48,0.5052631578947369,149,91,0.610738255033557
2026-07-25,Toronto Blue Jays,TOR,99,50,0.5050505050505051,100,56,0.56
2026-07-25,Chicago Cubs,CHC,92,38,0.41304347826086957,104,69,0.6634615384615384
2026-07-25,Milwaukee Brewers,MIL,72,32,0.4444444444444444,159,86,0.5408805031446541
2026-07-25,Texas Rangers,TEX,92,43,0.4673913043478261,93,63,0.6774193548387096
2026-07-25,Baltimore Orioles,BAL,114,57,0.5,92,49,0.532608695652174
2026-07-25,San Diego Padres,SD,73,31,0.4246575342465753,117,67,0.5726495726495726
2026-07-25,Chicago White Sox,CWS,87,41,0.47126436781609193,162,73,0.4506172839506173
2026-07-25,Minnesota Twins,MIN,128,61,0.4765625,165,102,0.6181818181818182
2026-07-25,Boston Red Sox,BOS,95,46,0.4842105263157895,94,52,0.5531914893617021
2026-07-25,San Francisco Giants,SF,102,48,0.47058823529411764,95,49,0.5157894736842106
2026-07-25,Miami Marlins,MIA,86,44,0.5116279069767442,156,90,0.5769230769230769
2026-07-25,Washington Nationals,WSH,79,33,0.4177215189873418,129,70,0.5426356589147286
2026-07-25,Tampa Bay Rays,TB,92,40,0.43478260869565216,115,68,0.591304347826087
2026-07-25,Seattle Mariners,SEA,104,46,0.4423076923076923,102,60,0.5882352941176471
2026-07-25,Cleveland Guardians,CLE,112,43,0.38392857142857145,114,57,0.5
2026-07-25,Pittsburgh Pirates,PIT,110,48,0.43636363636363634,95,40,0.42105263157894735
2026-07-25,Los Angeles Angels,LAA,116,50,0.43103448275862066,128,78,0.609375
2026-07-25,Atlanta Braves,ATL,87,30,0.3448275862068966,115,72,0.6260869565217392
2026-07-25,Colorado Rockies,COL,119,52,0.4369747899159664,142,90,0.6338028169014085
2026-07-26,Houston Astros,HOU,125,73,0.584,128,64,0.5
2026-07-26,Kansas City Royals,KC,93,50,0.5376344086021505,127,72,0.5669291338582677
2026-07-26,Arizona Diamondbacks,AZ,92,52,0.5652173913043478,90,62,0.6888888888888889
2026-07-26,Cincinnati Reds,CIN,115,64,0.5565217391304348,121,86,0.7107438016528925
2026-07-26,Detroit Tigers,DET,99,52,0.5252525252525253,102,68,0.6666666666666666
2026-07-26,Los Angeles Dodgers,LAD,107,57,0.5327102803738317,92,57,0.6195652173913043
2026-07-26,New York Yankees,NYY,122,62,0.5081967213114754,133,78,0.5864661654135338
2026-07-26,Philadelphia Phillies,PHI,119,57,0.4789915966386555,90,58,0.6444444444444445
2026-07-26,St. Louis Cardinals,STL,89,44,0.4943820224719101,105,60,0.5714285714285714
2026-07-26,Athletics,ATH,95,48,0.5052631578947369,150,91,0.6066666666666667
2026-07-26,New York Mets,NYM,135,66,0.4888888888888889,112,62,0.5535714285714286
2026-07-26,Toronto Blue Jays,TOR,99,50,0.5050505050505051,101,57,0.5643564356435643
2026-07-26,Chicago Cubs,CHC,93,39,0.41935483870967744,105,70,0.6666666666666666
2026-07-26,Texas Rangers,TEX,92,43,0.4673913043478261,95,65,0.6842105263157895
2026-07-26,Milwaukee Brewers,MIL,73,32,0.4383561643835616,161,87,0.5403726708074534
2026-07-26,San Diego Padres,SD,73,31,0.4246575342465753,119,67,0.5630252100840336
2026-07-26,Baltimore Orioles,BAL,114,57,0.5,94,49,0.5212765957446809
2026-07-26,Chicago White Sox,CWS,87,41,0.47126436781609193,164,74,0.45121951219512196
2026-07-26,Minnesota Twins,MIN,128,61,0.4765625,166,102,0.6144578313253012
2026-07-26,Boston Red Sox,BOS,97,46,0.4742268041237113,94,52,0.5531914893617021
2026-07-26,San Francisco Giants,SF,102,48,0.47058823529411764,97,49,0.5051546391752577
2026-07-26,Miami Marlins,MIA,87,44,0.5057471264367817,157,90,0.5732484076433121
2026-07-26,Washington Nationals,WSH,79,33,0.4177215189873418,134,74,0.5522388059701493
2026-07-26,Tampa Bay Rays,TB,92,40,0.43478260869565216,115,68,0.591304347826087
2026-07-26,Seattle Mariners,SEA,105,46,0.4380952380952381,103,61,0.5922330097087378
2026-07-26,Cleveland Guardians,CLE,112,43,0.38392857142857145,115,58,0.5043478260869565
2026-07-26,Pittsburgh Pirates,PIT,110,48,0.43636363636363634,98,43,0.4387755102040816
2026-07-26,Atlanta Braves,ATL,90,32,0.35555555555555557,115,72,0.6260869565217392
2026-07-26,Los Angeles Angels,LAA,118,51,0.4322033898305085,130,80,0.6153846153846154
2026-07-26,Colorado Rockies,COL,119,52,0.4369747899159664,143,90,0.6293706293706294
2026-07-27,Houston Astros,HOU,125,73,0.584,129,64,0.49612403100775193
2026-07-27,Kansas City Royals,KC,95,51,0.5368421052631579,127,72,0.5669291338582677
2026-07-27,Arizona Diamondbacks,AZ,93,52,0.5591397849462365,91,62,0.6813186813186813
2026-07-27,Cincinnati Reds,CIN,116,64,0.5517241379310345,122,87,0.7131147540983607
2026-07-27,Detroit Tigers,DET,101,53,0.5247524752475248,102,68,0.6666666666666666
2026-07-27,New York Yankees,NYY,123,63,0.5121951219512195,135,79,0.5851851851851851
2026-07-27,Los Angeles Dodgers,LAD,109,57,0.5229357798165137,92,57,0.6195652173913043
2026-07-27,Philadelphia Phillies,PHI,120,58,0.48333333333333334,91,58,0.6373626373626373
2026-07-27,St. Louis Cardinals,STL,89,44,0.4943820224719101,105,60,0.5714285714285714
2026-07-27,Athletics,ATH,95,48,0.5052631578947369,150,91,0.6066666666666667
2026-07-27,Chicago Cubs,CHC,93,39,0.41935483870967744,106,70,0.660377358490566
2026-07-27,Toronto Blue Jays,TOR,100,50,0.5,103,59,0.5728155339805825
2026-07-27,New York Mets,NYM,136,66,0.4852941176470588,112,62,0.5535714285714286
2026-07-27,Milwaukee Brewers,MIL,74,33,0.44594594594594594,164,88,0.5365853658536586
2026-07-27,San Diego Padres,SD,75,32,0.4266666666666667,120,67,0.5583333333333333
2026-07-27,Texas Rangers,TEX,93,43,0.46236559139784944,95,65,0.6842105263157895
2026-07-27,Minnesota Twins,MIN,130,62,0.47692307692307695,167,103,0.6167664670658682
2026-07-27,Baltimore Orioles,BAL,116,57,0.49137931034482757,96,50,0.5208333333333334
2026-07-27,Boston Red Sox,BOS,98,47,0.47959183673469385,96,54,0.5625
2026-07-27,Chicago White Sox,CWS,89,41,0.4606741573033708,165,75,0.45454545454545453
2026-07-27,San Francisco Giants,SF,104,48,0.46153846153846156,97,49,0.5051546391752577
2026-07-27,Miami Marlins,MIA,89,45,0.5056179775280899,159,92,0.5786163522012578
2026-07-27,Washington Nationals,WSH,79,33,0.4177215189873418,136,76,0.5588235294117647
2026-07-27,Tampa Bay Rays,TB,92,40,0.43478260869565216,116,69,0.5948275862068966
2026-07-27,Seattle Mariners,SEA,107,47,0.4392523364485981,103,61,0.5922330097087378
2026-07-27,Cleveland Guardians,CLE,113,44,0.3893805309734513,117,60,0.5128205128205128
2026-07-27,Atlanta Braves,ATL,91,33,0.3626373626373626,117,73,0.6239316239316239
2026-07-27,Pittsburgh Pirates,PIT,110,48,0.43636363636363634,100,43,0.43
2026-07-27,Los Angeles Angels,LAA,120,52,0.43333333333333335,130,80,0.6153846153846154
2026-07-27,Colorado Rockies,COL,119,52,0.4369747899159664,145,91,0.6275862068965518
2026-07-28,Houston Astros,HOU,125,73,0.584,130,64,0.49230769230769234
2026-07-28,Kansas City Royals,KC,95,51,0.5368421052631579,127,72,0.5669291338582677
2026-07-28,Arizona Diamondbacks,AZ,93,52,0.5591397849462365,93,62,0.6666666666666666
2026-07-28,Cincinnati Reds,CIN,116,64,0.5517241379310345,122,87,0.7131147540983607
2026-07-28,Detroit Tigers,DET,102,53,0.5196078431372549,102,68,0.6666666666666666
2026-07-28,New York Yankees,NYY,124,63,0.5080645161290323,137,80,0.583941605839416
2026-07-28,Philadelphia Phillies,PHI,121,59,0.48760330578512395,92,59,0.6413043478260869
2026-07-28,Los Angeles Dodgers,LAD,109,57,0.5229357798165137,92,57,0.6195652173913043
2026-07-28,Athletics,ATH,95,48,0.5052631578947369,151,92,0.609271523178808
2026-07-28,St. Louis Cardinals,STL,90,44,0.4888888888888889,105,60,0.5714285714285714
2026-07-28,Chicago Cubs,CHC,94,39,0.4148936170212766,109,73,0.6697247706422018
2026-07-28,Milwaukee Brewers,MIL,75,34,0.4533333333333333,166,88,0.5301204819277109
2026-07-28,Toronto Blue Jays,TOR,101,50,0.49504950495049505,104,59,0.5673076923076923
2026-07-28,New York Mets,NYM,139,67,0.48201438848920863,112,62,0.5535714285714286
2026-07-28,San Diego Padres,SD,75,32,0.4266666666666667,120,67,0.5583333333333333
2026-07-28,Texas Rangers,TEX,93,43,0.46236559139784944,97,65,0.6701030927835051
2026-07-28,Boston Red Sox,BOS,98,47,0.47959183673469385,96,54,0.5625
2026-07-28,Minnesota Twins,MIN,130,62,0.47692307692307695,167,103,0.6167664670658682
2026-07-28,Baltimore Orioles,BAL,116,57,0.49137931034482757,98,52,0.5306122448979592
2026-07-28,Chicago White Sox,CWS,89,41,0.4606741573033708,168,76,0.4523809523809524
2026-07-28,Miami Marlins,MIA,90,46,0.5111111111111111,160,93,0.58125
2026-07-28,San Francisco Giants,SF,104,48,0.46153846153846156,98,49,0.5
2026-07-28,Washington Nationals,WSH,81,34,0.41975308641975306,136,76,0.5588235294117647
2026-07-28,Tampa Bay Rays,TB,92,40,0.43478260869565216,116,69,0.5948275862068966
2026-07-28,Seattle Mariners,SEA,107,47,0.4392523364485981,104,62,0.5961538461538461
2026-07-28,Cleveland Guardians,CLE,113,44,0.3893805309734513,117,60,0.5128205128205128
2026-07-28,Atlanta Braves,ATL,93,34,0.3655913978494624,118,73,0.6186440677966102
2026-07-28,Los Angeles Angels,LAA,122,54,0.4426229508196721,133,82,0.6165413533834586
2026-07-28,Pittsburgh Pirates,PIT,110,48,0.43636363636363634,102,45,0.4411764705882353
2026-07-28,Colorado Rockies,COL,119,52,0.4369747899159664,145,91,0.6275862068965518
2026-07-29,Houston Astros,HOU,125,73,0.584,131,65,0.4961832061068702
2026-07-29,Kansas City Royals,KC,97,53,0.5463917525773195,130,74,0.5692307692307692
2026-07-29,Arizona Diamondbacks,AZ,94,52,0.5531914893617021,96,65,0.6770833333333334
2026-07-29,Cincinnati Reds,CIN,121,67,0.5537190082644629,125,90,0.72
2026-07-29,Detroit Tigers,DET,102,53,0.5196078431372549,103,69,0.6699029126213593
2026-07-29,New York Yankees,NYY,125,63,0.504,138,81,0.5869565217391305
2026-07-29,Philadelphia Phillies,PHI,123,60,0.4878048780487805,93,59,0.6344086021505376
2026-07-29,Los Angeles Dodgers,LAD,109,57,0.5229357798165137,93,57,0.6129032258064516
2026-07-29,Athletics,ATH,96,49,0.5104166666666666,155,94,0.6064516129032258
2026-07-29,St. Louis Cardinals,STL,91,44,0.4835164835164835,105,60,0.5714285714285714
2026-07-29,Milwaukee Brewers,MIL,75,34,0.4533333333333333,166,88,0.5301204819277109
2026-07-29,Toronto Blue Jays,TOR,102,50,0.49019607843137253,106,60,0.5660377358490566
2026-07-29,New York Mets,NYM,139,67,0.48201438848920863,112,62,0.5535714285714286
2026-07-29,Chicago Cubs,CHC,95,39,0.4105263157894737,109,73,0.6697247706422018
2026-07-29,Texas Rangers,TEX,94,44,0.46808510638297873,99,67,0.6767676767676768
2026-07-29,San Diego Padres,SD,77,33,0.42857142857142855,120,67,0.5583333333333333
2026-07-29,Baltimore Orioles,BAL,117,58,0.49572649572649574,100,53,0.53
2026-07-29,Minnesota Twins,MIN,130,62,0.47692307692307695,169,104,0.6153846153846154
2026-07-29,Boston Red Sox,BOS,99,47,0.47474747474747475,99,57,0.5757575757575758
2026-07-29,Chicago White Sox,CWS,90,42,0.4666666666666667,169,77,0.4556213017751479
2026-07-29,Washington Nationals,WSH,81,34,0.41975308641975306,139,78,0.5611510791366906
2026-07-29,San Francisco Giants,SF,105,48,0.45714285714285713,98,49,0.5
2026-07-29,Miami Marlins,MIA,92,46,0.5,160,93,0.58125
2026-07-29,Tampa Bay Rays,TB,92,40,0.43478260869565216,116,69,0.5948275862068966
2026-07-29,Seattle Mariners,SEA,109,48,0.44036697247706424,104,62,0.5961538461538461
2026-07-29,Cleveland Guardians,CLE,115,45,0.391304347826087,120,61,0.5083333333333333
2026-07-29,Atlanta Braves,ATL,93,34,0.3655913978494624,118,73,0.6186440677966102
2026-07-29,Los Angeles Angels,LAA,122,54,0.4426229508196721,135,82,0.6074074074074074
2026-07-29,Pittsburgh Pirates,PIT,111,48,0.43243243243243246,104,45,0.4326923076923077
2026-07-29,Colorado Rockies,COL,119,52,0.4369747899159664,147,92,0.6258503401360545
2026-07-30,Houston Astros,HOU,128,74,0.578125,131,65,0.4961832061068702
2026-07-30,Kansas City Royals,KC,100,55,0.55,130,74,0.5692307692307692
2026-07-30,Cincinnati Reds,CIN,122,67,0.5491803278688525,125,90,0.72
2026-07-30,Arizona Diamondbacks,AZ,94,52,0.5531914893617021,96,65,0.6770833333333334
2026-07-30,Detroit Tigers,DET,105,54,0.5142857142857142,103,69,0.6699029126213593
2026-07-30,Philadelphia Phillies,PHI,123,60,0.4878048780487805,93,59,0.6344086021505376
2026-07-30,Los Angeles Dodgers,LAD,109,57,0.5229357798165137,94,57,0.6063829787234043
2026-07-30,New York Yankees,NYY,127,63,0.49606299212598426,138,81,0.5869565217391305
2026-07-30,Milwaukee Brewers,MIL,78,37,0.47435897435897434,167,89,0.5329341317365269
2026-07-30,Athletics,ATH,97,49,0.5051546391752577,156,95,0.6089743589743589
2026-07-30,New York Mets,NYM,141,69,0.48936170212765956,115,64,0.5565217391304348
2026-07-30,St. Louis Cardinals,STL,92,44,0.4782608695652174,105,60,0.5714285714285714
2026-07-30,Chicago Cubs,CHC,96,40,0.4166666666666667,111,74,0.6666666666666666
2026-07-30,Toronto Blue Jays,TOR,102,50,0.49019607843137253,109,61,0.5596330275229358
2026-07-30,San Diego Padres,SD,78,34,0.4358974358974359,121,67,0.5537190082644629
2026-07-30,Texas Rangers,TEX,94,44,0.46808510638297873,101,69,0.6831683168316832
2026-07-30,Minnesota Twins,MIN,131,63,0.48091603053435117,171,104,0.6081871345029239
2026-07-30,Baltimore Orioles,BAL,119,59,0.4957983193277311,101,54,0.5346534653465347
2026-07-30,Boston Red Sox,BOS,101,48,0.4752475247524752,102,59,0.5784313725490197
2026-07-30,Chicago White Sox,CWS,92,43,0.4673913043478261,172,79,0.45930232558139533
2026-07-30,Miami Marlins,MIA,94,48,0.5106382978723404,161,94,0.5838509316770186
2026-07-30,Washington Nationals,WSH,81,34,0.41975308641975306,141,79,0.5602836879432624
2026-07-30,San Francisco Giants,SF,106,49,0.46226415094339623,100,49,0.49
2026-07-30,Tampa Bay Rays,TB,93,40,0.43010752688172044,119,72,0.6050420168067226
2026-07-30,Seattle Mariners,SEA,111,49,0.44144144144144143,104,62,0.5961538461538461
2026-07-30,Cleveland Guardians,CLE,115,45,0.391304347826087,122,61,0.5
2026-07-30,Los Angeles Angels,LAA,123,55,0.44715447154471544,135,82,0.6074074074074074
2026-07-30,Atlanta Braves,ATL,93,34,0.3655913978494624,119,74,0.6218487394957983
2026-07-30,Pittsburgh Pirates,PIT,111,48,0.43243243243243246,105,45,0.42857142857142855
2026-07-30,Colorado Rockies,COL,119,52,0.4369747899159664,147,92,0.6258503401360545
2026-07-31,Houston Astros,HOU,128,74,0.578125,131,65,0.4961832061068702
2026-07-31,Kansas City Royals,KC,102,56,0.5490196078431373,131,74,0.5648854961832062
2026-07-31,Arizona Diamondbacks,AZ,94,52,0.5531914893617021,96,65,0.6770833333333334
2026-07-31,Detroit Tigers,DET,105,54,0.5142857142857142,103,69,0.6699029126213593
2026-07-31,Cincinnati Reds,CIN,124,67,0.5403225806451613,125,90,0.72
2026-07-31,Los Angeles Dodgers,LAD,111,59,0.5315315315315315,95,58,0.6105263157894737
2026-07-31,Philadelphia Phillies,PHI,123,60,0.4878048780487805,93,59,0.6344086021505376
2026-07-31,New York Yankees,NYY,129,64,0.49612403100775193,140,81,0.5785714285714286
2026-07-31,Milwaukee Brewers,MIL,78,37,0.47435897435897434,167,89,0.5329341317365269
2026-07-31,St. Louis Cardinals,STL,92,44,0.4782608695652174,105,60,0.5714285714285714
2026-07-31,New York Mets,NYM,142,70,0.49295774647887325,118,66,0.559322033898305
2026-07-31,Chicago Cubs,CHC,97,41,0.422680412371134,112,75,0.6696428571428571
2026-07-31,Athletics,ATH,98,49,0.5,157,96,0.6114649681528662
2026-07-31,Toronto Blue Jays,TOR,102,50,0.49019607843137253,109,61,0.5596330275229358
2026-07-31,Texas Rangers,TEX,96,46,0.4791666666666667,102,69,0.6764705882352942
2026-07-31,San Diego Padres,SD,80,35,0.4375,125,70,0.56
2026-07-31,Minnesota Twins,MIN,133,64,0.48120300751879697,172,105,0.6104651162790697
2026-07-31,Baltimore Orioles,BAL,119,59,0.4957983193277311,101,54,0.5346534653465347
2026-07-31,Boston Red Sox,BOS,101,48,0.4752475247524752,103,59,0.5728155339805825
2026-07-31,Chicago White Sox,CWS,93,43,0.46236559139784944,173,79,0.45664739884393063
2026-07-31,Washington Nationals,WSH,83,36,0.43373493975903615,141,79,0.5602836879432624
2026-07-31,San Francisco Giants,SF,106,49,0.46226415094339623,100,49,0.49
2026-07-31,Miami Marlins,MIA,95,48,0.5052631578947369,162,95,0.5864197530864198
2026-07-31,Tampa Bay Rays,TB,94,40,0.425531914893617,120,73,0.6083333333333333
2026-07-31,Seattle Mariners,SEA,112,49,0.4375,106,63,0.5943396226415094
2026-07-31,Cleveland Guardians,CLE,115,45,0.391304347826087,122,61,0.5
2026-07-31,Los Angeles Angels,LAA,123,55,0.44715447154471544,135,82,0.6074074074074074
2026-07-31,Atlanta Braves,ATL,93,34,0.3655913978494624,120,74,0.6166666666666667
2026-07-31,Pittsburgh Pirates,PIT,113,49,0.4336283185840708,105,45,0.42857142857142855
2026-07-31,Colorado Rockies,COL,119,52,0.4369747899159664,147,92,0.6258503401360545
2026-08-01,Houston Astros,HOU,128,74,0.578125,133,67,0.5037593984962406
2026-08-01,Kansas City Royals,KC,103,57,0.5533980582524272,132,75,0.5681818181818182
2026-08-01,Arizona Diamondbacks,AZ,95,53,0.5578947368421052,98,67,0.6836734693877551
2026-08-01,Detroit Tigers,DET,105,54,0.5142857142857142,103,69,0.6699029126213593
2026-08-01,Cincinnati Reds,CIN,124,67,0.5403225806451613,128,92,0.71875
2026-08-01,Los Angeles Dodgers,LAD,113,60,0.5309734513274337,95,58,0.6105263157894737
2026-08-01,Philadelphia Phillies,PHI,123,60,0.4878048780487805,94,60,0.6382978723404256
2026-08-01,New York Yankees,NYY,129,64,0.49612403100775193,141,81,0.574468085106383
2026-08-01,Chicago Cubs,CHC,99,43,0.43434343434343436,112,75,0.6696428571428571
2026-08-01,St. Louis Cardinals,STL,92,44,0.4782608695652174,105,60,0.5714285714285714
2026-08-01,New York Mets,NYM,143,71,0.4965034965034965,119,66,0.5546218487394958
2026-08-01,Athletics,ATH,99,50,0.5050505050505051,159,97,0.610062893081761
2026-08-01,Milwaukee Brewers,MIL,80,37,0.4625,168,90,0.5357142857142857
2026-08-01,Texas Rangers,TEX,97,47,0.4845360824742268,105,70,0.6666666666666666
2026-08-01,Toronto Blue Jays,TOR,102,50,0.49019607843137253,110,61,0.5545454545454546
2026-08-01,San Diego Padres,SD,80,35,0.4375,126,70,0.5555555555555556
2026-08-01,Minnesota Twins,MIN,134,64,0.47761194029850745,173,105,0.6069364161849711
2026-08-01,Baltimore Orioles,BAL,119,59,0.4957983193277311,103,54,0.5242718446601942
2026-08-01,Boston Red Sox,BOS,101,48,0.4752475247524752,103,59,0.5728155339805825
2026-08-01,Chicago White Sox,CWS,94,44,0.46808510638297873,176,80,0.45454545454545453
2026-08-01,Washington Nationals,WSH,84,37,0.44047619047619047,143,80,0.5594405594405595
2026-08-01,San Francisco Giants,SF,107,50,0.4672897196261682,101,50,0.49504950495049505
2026-08-01,Miami Marlins,MIA,96,49,0.5104166666666666,163,96,0.588957055214724
2026-08-01,Tampa Bay Rays,TB,95,40,0.42105263157894735,120,73,0.6083333333333333
2026-08-01,Los Angeles Angels,LAA,124,56,0.45161290322580644,135,82,0.6074074074074074
2026-08-01,Seattle Mariners,SEA,114,49,0.4298245614035088,106,63,0.5943396226415094
2026-08-01,Cleveland Guardians,CLE,115,45,0.391304347826087,124,63,0.5080645161290323
2026-08-01,Pittsburgh Pirates,PIT,116,51,0.4396551724137931,106,45,0.42452830188679247
2026-08-01,Atlanta Braves,ATL,93,34,0.3655913978494624,121,75,0.6198347107438017
2026-08-01,Colorado Rockies,COL,119,52,0.4369747899159664,149,94,0.6308724832214765
2026-08-02,Houston Astros,HOU,129,75,0.5813953488372093,133,67,0.5037593984962406
2026-08-02,Kansas City Royals,KC,104,58,0.5576923076923077,133,76,0.5714285714285714
2026-08-02,Arizona Diamondbacks,AZ,95,53,0.5578947368421052,100,68,0.68
2026-08-02,Detroit Tigers,DET,106,55,0.5188679245283019,106,71,0.6698113207547169
2026-08-02,Cincinnati Reds,CIN,124,67,0.5403225806451613,130,93,0.7153846153846154
2026-08-02,Los Angeles Dodgers,LAD,113,60,0.5309734513274337,95,58,0.6105263157894737
2026-08-02,Philadelphia Phillies,PHI,123,60,0.4878048780487805,95,61,0.6421052631578947
2026-08-02,Chicago Cubs,CHC,101,45,0.44554455445544555,113,75,0.6637168141592921
2026-08-02,New York Yankees,NYY,130,64,0.49230769230769234,143,82,0.5734265734265734
2026-08-02,Athletics,ATH,100,51,0.51,160,98,0.6125
2026-08-02,St. Louis Cardinals,STL,92,44,0.4782608695652174,105,60,0.5714285714285714
2026-08-02,New York Mets,NYM,143,71,0.4965034965034965,121,67,0.5537190082644629
2026-08-02,Texas Rangers,TEX,98,48,0.4897959183673469,105,70,0.6666666666666666
2026-08-02,Milwaukee Brewers,MIL,81,37,0.4567901234567901,169,90,0.5325443786982249
2026-08-02,Toronto Blue Jays,TOR,102,50,0.49019607843137253,111,61,0.5495495495495496
2026-08-02,Baltimore Orioles,BAL,121,60,0.49586776859504134,105,55,0.5238095238095238
2026-08-02,San Diego Padres,SD,81,35,0.43209876543209874,127,70,0.5511811023622047
2026-08-02,Boston Red Sox,BOS,103,50,0.4854368932038835,105,60,0.5714285714285714
2026-08-02,Minnesota Twins,MIN,134,64,0.47761194029850745,175,107,0.6114285714285714
2026-08-02,Chicago White Sox,CWS,97,45,0.4639175257731959,179,83,0.46368715083798884
2026-08-02,Washington Nationals,WSH,85,37,0.43529411764705883,145,81,0.5586206896551724
2026-08-02,San Francisco Giants,SF,109,52,0.47706422018348627,105,53,0.5047619047619047
2026-08-02,Miami Marlins,MIA,99,50,0.5050505050505051,165,98,0.593939393939394
2026-08-02,Tampa Bay Rays,TB,96,40,0.4166666666666667,122,74,0.6065573770491803
2026-08-02,Cleveland Guardians,CLE,116,46,0.39655172413793105,126,64,0.5079365079365079
2026-08-02,Seattle Mariners,SEA,115,50,0.43478260869565216,107,64,0.5981308411214953
2026-08-02,Los Angeles Angels,LAA,125,56,0.448,135,82,0.6074074074074074
2026-08-02,Pittsburgh Pirates,PIT,120,54,0.45,106,45,0.42452830188679247
2026-08-02,Atlanta Braves,ATL,96,36,0.375,121,75,0.6198347107438017
2026-08-02,Colorado Rockies,COL,121,54,0.4462809917355372,150,94,0.6266666666666667
2026-08-03,Houston Astros,HOU,129,75,0.5813953488372093,134,68,0.5074626865671642
2026-08-03,Kansas City Royals,KC,106,60,0.5660377358490566,134,76,0.5671641791044776
2026-08-03,Arizona Diamondbacks,AZ,96,54,0.5625,100,68,0.68
2026-08-03,Detroit Tigers,DET,109,56,0.5137614678899083,106,71,0.6698113207547169
2026-08-03,Cincinnati Reds,CIN,124,67,0.5403225806451613,131,94,0.7175572519083969
2026-08-03,Chicago Cubs,CHC,105,49,0.4666666666666667,114,76,0.6666666666666666
2026-08-03,Los Angeles Dodgers,LAD,114,61,0.5350877192982456,96,58,0.6041666666666666
2026-08-03,Philadelphia Phillies,PHI,123,60,0.4878048780487805,96,61,0.6354166666666666
2026-08-03,New York Yankees,NYY,131,65,0.4961832061068702,146,83,0.5684931506849316
2026-08-03,Athletics,ATH,100,51,0.51,163,100,0.6134969325153374
2026-08-03,St. Louis Cardinals,STL,93,45,0.4838709677419355,106,60,0.5660377358490566
2026-08-03,New York Mets,NYM,144,71,0.4930555555555556,123,68,0.5528455284552846
2026-08-03,Texas Rangers,TEX,98,48,0.4897959183673469,107,70,0.6542056074766355
2026-08-03,Milwaukee Brewers,MIL,82,37,0.45121951219512196,170,90,0.5294117647058824
2026-08-03,San Diego Padres,SD,84,37,0.44047619047619047,128,71,0.5546875
2026-08-03,Baltimore Orioles,BAL,121,60,0.49586776859504134,106,56,0.5283018867924528
2026-08-03,Toronto Blue Jays,TOR,104,50,0.4807692307692308,114,64,0.5614035087719298
2026-08-03,Minnesota Twins,MIN,134,64,0.47761194029850745,176,107,0.6079545454545454
2026-08-03,Boston Red Sox,BOS,105,51,0.4857142857142857,106,61,0.5754716981132075
2026-08-03,Washington Nationals,WSH,88,39,0.4431818181818182,145,81,0.5586206896551724
2026-08-03,San Francisco Giants,SF,110,53,0.4818181818181818,109,56,0.5137614678899083
2026-08-03,Chicago White Sox,CWS,99,46,0.46464646464646464,180,83,0.46111111111111114
2026-08-03,Miami Marlins,MIA,100,51,0.51,166,99,0.5963855421686747
2026-08-03,Tampa Bay Rays,TB,96,40,0.4166666666666667,123,74,0.6016260162601627
2026-08-03,Cleveland Guardians,CLE,116,46,0.39655172413793105,128,65,0.5078125
2026-08-03,Seattle Mariners,SEA,116,50,0.43103448275862066,107,64,0.5981308411214953
2026-08-03,Atlanta Braves,ATL,97,37,0.38144329896907214,121,75,0.6198347107438017
2026-08-03,Pittsburgh Pirates,PIT,121,54,0.4462809917355372,107,45,0.4205607476635514
2026-08-03,Los Angeles Angels,LAA,127,56,0.4409448818897638,135,82,0.6074074074074074
2026-08-03,Colorado Rockies,COL,122,55,0.45081967213114754,152,95,0.625
2026-08-04,Houston Astros,HOU,129,75,0.5813953488372093,136,70,0.5147058823529411
2026-08-04,Kansas City Royals,KC,106,60,0.5660377358490566,134,76,0.5671641791044776
2026-08-04,Arizona Diamondbacks,AZ,97,54,0.5567010309278351,101,68,0.6732673267326733
2026-08-04,Detroit Tigers,DET,109,56,0.5137614678899083,106,71,0.6698113207547169
2026-08-04,Chicago Cubs,CHC,107,51,0.4766355140186916,116,77,0.6637931034482759
2026-08-04,Cincinnati Reds,CIN,124,67,0.5403225806451613,131,94,0.7175572519083969
2026-08-04,Los Angeles Dodgers,LAD,115,62,0.5391304347826087,96,58,0.6041666666666666
2026-08-04,New York Yankees,NYY,132,66,0.5,150,87,0.58
2026-08-04,Philadelphia Phillies,PHI,123,60,0.4878048780487805,98,63,0.6428571428571429
2026-08-04,St. Louis Cardinals,STL,94,46,0.48936170212765956,106,60,0.5660377358490566
2026-08-04,Athletics,ATH,100,51,0.51,163,100,0.6134969325153374
2026-08-04,New York Mets,NYM,144,71,0.4930555555555556,123,68,0.5528455284552846
2026-08-04,Texas Rangers,TEX,100,50,0.5,108,70,0.6481481481481481
2026-08-04,Toronto Blue Jays,TOR,105,51,0.4857142857142857,118,67,0.5677966101694916
2026-08-04,Baltimore Orioles,BAL,121,60,0.49586776859504134,106,56,0.5283018867924528
2026-08-04,Milwaukee Brewers,MIL,83,37,0.4457831325301205,171,90,0.5263157894736842
2026-08-04,San Diego Padres,SD,85,37,0.43529411764705883,130,73,0.5615384615384615
2026-08-04,Minnesota Twins,MIN,134,64,0.47761194029850745,176,107,0.6079545454545454
2026-08-04,Boston Red Sox,BOS,105,51,0.4857142857142857,106,61,0.5754716981132075
2026-08-04,Washington Nationals,WSH,88,39,0.4431818181818182,146,81,0.5547945205479452
2026-08-04,Chicago White Sox,CWS,99,46,0.46464646464646464,180,83,0.46111111111111114
2026-08-04,San Francisco Giants,SF,111,53,0.4774774774774775,111,58,0.5225225225225225
2026-08-04,Miami Marlins,MIA,100,51,0.51,166,99,0.5963855421686747
2026-08-04,Tampa Bay Rays,TB,97,40,0.41237113402061853,123,74,0.6016260162601627
2026-08-04,Cleveland Guardians,CLE,116,46,0.39655172413793105,128,65,0.5078125
2026-08-04,Seattle Mariners,SEA,116,50,0.43103448275862066,107,64,0.5981308411214953
2026-08-04,Atlanta Braves,ATL,97,37,0.38144329896907214,121,75,0.6198347107438017
2026-08-04,Pittsburgh Pirates,PIT,121,54,0.4462809917355372,110,47,0.42727272727272725
2026-08-04,Los Angeles Angels,LAA,127,56,0.4409448818897638,135,82,0.6074074074074074
2026-08-04,Colorado Rockies,COL,124,55,0.4435483870967742,153,96,0.6274509803921569
2026-08-05,Houston Astros,HOU,129,75,0.5813953488372093,137,70,0.5109489051094891
2026-08-05,Kansas City Royals,KC,108,60,0.5555555555555556,135,77,0.5703703703703704
2026-08-05,Arizona Diamondbacks,AZ,97,54,0.5567010309278351,102,69,0.6764705882352942
2026-08-05,Detroit Tigers,DET,110,57,0.5181818181818182,107,72,0.6728971962616822
2026-08-05,Chicago Cubs,CHC,107,51,0.4766355140186916,118,79,0.6694915254237288
2026-08-05,Los Angeles Dodgers,LAD,115,62,0.5391304347826087,96,58,0.6041666666666666
2026-08-05,Cincinnati Reds,CIN,125,67,0.536,132,95,0.7196969696969697
2026-08-05,Philadelphia Phillies,PHI,124,61,0.49193548387096775,99,64,0.6464646464646465
2026-08-05,New York Yankees,NYY,134,67,0.5,151,88,0.5827814569536424
2026-08-05,St. Louis Cardinals,STL,95,46,0.4842105263157895,107,61,0.5700934579439252
2026-08-05,Athletics,ATH,100,51,0.51,163,100,0.6134969325153374
2026-08-05,New York Mets,NYM,145,71,0.4896551724137931,126,70,0.5555555555555556
2026-08-05,Texas Rangers,TEX,101,50,0.49504950495049505,108,70,0.6481481481481481
2026-08-05,San Diego Padres,SD,86,38,0.4418604651162791,132,74,0.5606060606060606
2026-08-05,Toronto Blue Jays,TOR,105,51,0.4857142857142857,120,67,0.5583333333333333
2026-08-05,Baltimore Orioles,BAL,121,60,0.49586776859504134,106,56,0.5283018867924528
2026-08-05,Milwaukee Brewers,MIL,83,37,0.4457831325301205,174,92,0.5287356321839081
2026-08-05,Minnesota Twins,MIN,134,64,0.47761194029850745,178,108,0.6067415730337079
2026-08-05,Washington Nationals,WSH,90,40,0.4444444444444444,146,81,0.5547945205479452
2026-08-05,Boston Red Sox,BOS,106,51,0.4811320754716981,107,61,0.5700934579439252
2026-08-05,San Francisco Giants,SF,114,55,0.4824561403508772,112,59,0.5267857142857143
2026-08-05,Chicago White Sox,CWS,101,46,0.45544554455445546,181,84,0.46408839779005523
2026-08-05,Miami Marlins,MIA,102,51,0.5,168,101,0.6011904761904762
2026-08-05,Tampa Bay Rays,TB,99,41,0.41414141414141414,123,74,0.6016260162601627
2026-08-05,Cleveland Guardians,CLE,116,46,0.39655172413793105,128,65,0.5078125
2026-08-05,Seattle Mariners,SEA,117,51,0.4358974358974359,108,64,0.5925925925925926
2026-08-05,Atlanta Braves,ATL,97,37,0.38144329896907214,122,75,0.6147540983606558
2026-08-05,Pittsburgh Pirates,PIT,122,54,0.4426229508196721,113,50,0.4424778761061947
2026-08-05,Los Angeles Angels,LAA,129,57,0.4418604651162791,135,82,0.6074074074074074
2026-08-05,Colorado Rockies,COL,127,56,0.4409448818897638,153,96,0.6274509803921569
2026-08-06,Houston Astros,HOU,129,75,0.5813953488372093,138,71,0.5144927536231884
2026-08-06,Kansas City Royals,KC,109,61,0.5596330275229358,136,78,0.5735294117647058
2026-08-06,Arizona Diamondbacks,AZ,98,54,0.5510204081632653,104,70,0.6730769230769231
2026-08-06,Detroit Tigers,DET,110,57,0.5181818181818182,108,73,0.6759259259259259
2026-08-06,Chicago Cubs,CHC,107,51,0.4766355140186916,118,79,0.6694915254237288
2026-08-06,Los Angeles Dodgers,LAD,117,63,0.5384615384615384,97,59,0.6082474226804123
2026-08-06,Cincinnati Reds,CIN,125,67,0.536,134,96,0.7164179104477612
2026-08-06,New York Yankees,NYY,136,68,0.5,153,89,0.5816993464052288
2026-08-06,Philadelphia Phillies,PHI,126,61,0.48412698412698413,100,64,0.64
2026-08-06,St. Louis Cardinals,STL,96,46,0.4791666666666667,110,63,0.5727272727272728
2026-08-06,Athletics,ATH,102,51,0.5,164,101,0.6158536585365854
2026-08-06,New York Mets,NYM,145,71,0.4896551724137931,128,70,0.546875
2026-08-06,Texas Rangers,TEX,101,50,0.49504950495049505,109,71,0.6513761467889908
2026-08-06,Toronto Blue Jays,TOR,106,52,0.49056603773584906,121,67,0.5537190082644629
2026-08-06,Baltimore Orioles,BAL,121,60,0.49586776859504134,107,56,0.5233644859813084
2026-08-06,San Diego Padres,SD,87,38,0.4367816091954023,133,74,0.556390977443609
2026-08-06,Milwaukee Brewers,MIL,83,37,0.4457831325301205,175,92,0.5257142857142857
2026-08-06,Minnesota Twins,MIN,136,65,0.47794117647058826,179,108,0.6033519553072626
2026-08-06,Boston Red Sox,BOS,107,51,0.4766355140186916,107,61,0.5700934579439252
2026-08-06,Washington Nationals,WSH,91,40,0.43956043956043955,148,81,0.5472972972972973
2026-08-06,San Francisco Giants,SF,114,55,0.4824561403508772,112,59,0.5267857142857143
2026-08-06,Chicago White Sox,CWS,102,47,0.46078431372549017,184,85,0.46195652173913043
2026-08-06,Miami Marlins,MIA,102,51,0.5,169,102,0.6035502958579881
2026-08-06,Tampa Bay Rays,TB,102,44,0.43137254901960786,124,74,0.5967741935483871
2026-08-06,Cleveland Guardians,CLE,116,46,0.39655172413793105,129,66,0.5116279069767442
2026-08-06,Seattle Mariners,SEA,118,51,0.4322033898305085,109,65,0.5963302752293578
2026-08-06,Atlanta Braves,ATL,98,37,0.37755102040816324,122,75,0.6147540983606558
2026-08-06,Los Angeles Angels,LAA,129,57,0.4418604651162791,137,83,0.6058394160583942
2026-08-06,Pittsburgh Pirates,PIT,125,56,0.448,113,50,0.4424778761061947
2026-08-06,Colorado Rockies,COL,128,56,0.4375,153,96,0.6274509803921569
2026-08-07,Houston Astros,HOU,129,75,0.5813953488372093,138,71,0.5144927536231884
2026-08-07,Kansas City Royals,KC,110,61,0.5545454545454546,138,79,0.572463768115942
2026-08-07,Arizona Diamondbacks,AZ,99,55,0.5555555555555556,106,71,0.6698113207547169
2026-08-07,Detroit Tigers,DET,112,58,0.5178571428571429,109,74,0.6788990825688074
2026-08-07,Chicago Cubs,CHC,110,52,0.4727272727272727,118,79,0.6694915254237288
2026-08-07,Los Angeles Dodgers,LAD,117,63,0.5384615384615384,97,59,0.6082474226804123
2026-08-07,Cincinnati Reds,CIN,125,67,0.536,134,96,0.7164179104477612
2026-08-07,New York Yankees,NYY,136,68,0.5,153,89,0.5816993464052288
2026-08-07,Philadelphia Phillies,PHI,126,61,0.48412698412698413,100,64,0.64
2026-08-07,St. Louis Cardinals,STL,96,46,0.4791666666666667,110,63,0.5727272727272728
2026-08-07,New York Mets,NYM,147,73,0.4965986394557823,131,71,0.5419847328244275
2026-08-07,Athletics,ATH,103,51,0.49514563106796117,165,102,0.6181818181818182
2026-08-07,Toronto Blue Jays,TOR,107,53,0.4953271028037383,123,68,0.5528455284552846
2026-08-07,Texas Rangers,TEX,101,50,0.49504950495049505,109,71,0.6513761467889908
2026-08-07,San Diego Padres,SD,87,38,0.4367816091954023,134,75,0.5597014925373134
2026-08-07,Baltimore Orioles,BAL,122,60,0.4918032786885246,108,56,0.5185185185185185
2026-08-07,Boston Red Sox,BOS,108,52,0.48148148148148145,108,62,0.5740740740740741
2026-08-07,Milwaukee Brewers,MIL,83,37,0.4457831325301205,179,95,0.5307262569832403
2026-08-07,Minnesota Twins,MIN,137,65,0.4744525547445255,183,112,0.6120218579234973
2026-08-07,Washington Nationals,WSH,91,40,0.43956043956043955,152,83,0.5460526315789473
2026-08-07,San Francisco Giants,SF,114,55,0.4824561403508772,112,59,0.5267857142857143
2026-08-07,Chicago White Sox,CWS,104,47,0.4519230769230769,185,86,0.4648648648648649
2026-08-07,Miami Marlins,MIA,102,51,0.5,169,102,0.6035502958579881
2026-08-07,Tampa Bay Rays,TB,102,44,0.43137254901960786,124,74,0.5967741935483871
2026-08-07,Cleveland Guardians,CLE,116,46,0.39655172413793105,129,66,0.5116279069767442
2026-08-07,Seattle Mariners,SEA,118,51,0.4322033898305085,110,66,0.6
2026-08-07,Atlanta Braves,ATL,98,37,0.37755102040816324,123,75,0.6097560975609756
2026-08-07,Los Angeles Angels,LAA,129,57,0.4418604651162791,137,83,0.6058394160583942
2026-08-07,Pittsburgh Pirates,PIT,127,57,0.44881889763779526,115,52,0.45217391304347826
2026-08-07,Colorado Rockies,COL,128,56,0.4375,153,96,0.6274509803921569
2026-08-08,Houston Astros,HOU,130,75,0.5769230769230769,139,71,0.5107913669064749
2026-08-08,Kansas City Royals,KC,112,63,0.5625,139,80,0.5755395683453237
2026-08-08,Detroit Tigers,DET,112,58,0.5178571428571429,110,74,0.6727272727272727
2026-08-08,Chicago Cubs,CHC,112,54,0.48214285714285715,118,79,0.6694915254237288
2026-08-08,Arizona Diamondbacks,AZ,99,55,0.5555555555555556,109,73,0.6697247706422018
2026-08-08,Philadelphia Phillies,PHI,130,65,0.5,101,64,0.6336633663366337
2026-08-08,Los Angeles Dodgers,LAD,118,63,0.5338983050847458,99,60,0.6060606060606061
2026-08-08,Cincinnati Reds,CIN,125,67,0.536,135,96,0.7111111111111111
2026-08-08,New York Yankees,NYY,137,68,0.49635036496350365,155,91,0.5870967741935483
2026-08-08,St. Louis Cardinals,STL,96,46,0.4791666666666667,112,64,0.5714285714285714
2026-08-08,Athletics,ATH,105,53,0.5047619047619047,166,103,0.6204819277108434
2026-08-08,New York Mets,NYM,147,73,0.4965986394557823,133,72,0.5413533834586466
2026-08-08,Texas Rangers,TEX,102,50,0.49019607843137253,110,71,0.6454545454545455
2026-08-08,Toronto Blue Jays,TOR,108,53,0.49074074074074076,125,69,0.552
2026-08-08,San Diego Padres,SD,87,38,0.4367816091954023,136,76,0.5588235294117647
2026-08-08,Baltimore Orioles,BAL,122,60,0.4918032786885246,108,56,0.5185185185185185
2026-08-08,Boston Red Sox,BOS,110,54,0.4909090909090909,109,62,0.5688073394495413
2026-08-08,Minnesota Twins,MIN,139,66,0.4748201438848921,185,113,0.6108108108108108
2026-08-08,San Francisco Giants,SF,115,56,0.48695652173913045,113,59,0.5221238938053098
2026-08-08,Milwaukee Brewers,MIL,85,37,0.43529411764705883,180,96,0.5333333333333333
2026-08-08,Washington Nationals,WSH,92,40,0.43478260869565216,152,83,0.5460526315789473
2026-08-08,Chicago White Sox,CWS,105,47,0.44761904761904764,186,86,0.46236559139784944
2026-08-08,Tampa Bay Rays,TB,102,44,0.43137254901960786,125,74,0.592
2026-08-08,Miami Marlins,MIA,103,51,0.49514563106796117,171,103,0.6023391812865497
2026-08-08,Cleveland Guardians,CLE,116,46,0.39655172413793105,129,66,0.5116279069767442
2026-08-08,Atlanta Braves,ATL,99,38,0.3838383838383838,124,75,0.6048387096774194
2026-08-08,Seattle Mariners,SEA,118,51,0.4322033898305085,112,66,0.5892857142857143
2026-08-08,Pittsburgh Pirates,PIT,128,58,0.453125,116,52,0.4482758620689655
2026-08-08,Los Angeles Angels,LAA,132,58,0.4393939393939394,137,83,0.6058394160583942
2026-08-08,Colorado Rockies,COL,128,56,0.4375,153,96,0.6274509803921569
2026-08-09,Houston Astros,HOU,131,75,0.5725190839694656,140,71,0.5071428571428571
2026-08-09,Kansas City Royals,KC,113,64,0.5663716814159292,140,80,0.5714285714285714
2026-08-09,Detroit Tigers,DET,115,61,0.5304347826086957,112,76,0.6785714285714286
2026-08-09,Chicago Cubs,CHC,114,55,0.4824561403508772,118,79,0.6694915254237288
2026-08-09,Philadelphia Phillies,PHI,132,66,0.5,104,67,0.6442307692307693
2026-08-09,Arizona Diamondbacks,AZ,100,55,0.55,109,73,0.6697247706422018
2026-08-09,Los Angeles Dodgers,LAD,120,65,0.5416666666666666,101,61,0.6039603960396039
2026-08-09,New York Yankees,NYY,139,70,0.5035971223021583,157,91,0.5796178343949044
2026-08-09,Cincinnati Reds,CIN,125,67,0.536,135,96,0.7111111111111111
2026-08-09,St. Louis Cardinals,STL,97,47,0.4845360824742268,113,64,0.5663716814159292
2026-08-09,New York Mets,NYM,148,74,0.5,135,73,0.5407407407407407
2026-08-09,Athletics,ATH,106,53,0.5,167,103,0.6167664670658682
2026-08-09,Texas Rangers,TEX,103,51,0.49514563106796117,112,72,0.6428571428571429
2026-08-09,Toronto Blue Jays,TOR,109,54,0.4954128440366973,129,72,0.5581395348837209
2026-08-09,San Diego Padres,SD,87,38,0.4367816091954023,137,77,0.5620437956204379
2026-08-09,Boston Red Sox,BOS,112,55,0.49107142857142855,109,62,0.5688073394495413
2026-08-09,Baltimore Orioles,BAL,124,61,0.49193548387096775,109,56,0.5137614678899083
2026-08-09,San Francisco Giants,SF,116,57,0.49137931034482757,116,61,0.5258620689655172
2026-08-09,Minnesota Twins,MIN,140,66,0.4714285714285714,185,113,0.6108108108108108
2026-08-09,Milwaukee Brewers,MIL,85,37,0.43529411764705883,181,97,0.5359116022099447
2026-08-09,Chicago White Sox,CWS,107,49,0.45794392523364486,188,87,0.4627659574468085
2026-08-09,Washington Nationals,WSH,95,41,0.43157894736842106,153,84,0.5490196078431373
2026-08-09,Tampa Bay Rays,TB,103,45,0.4368932038834951,127,75,0.5905511811023622
2026-08-09,Miami Marlins,MIA,103,51,0.49514563106796117,172,103,0.5988372093023255
2026-08-09,Cleveland Guardians,CLE,116,46,0.39655172413793105,131,67,0.5114503816793893
2026-08-09,Seattle Mariners,SEA,118,51,0.4322033898305085,112,66,0.5892857142857143
2026-08-09,Atlanta Braves,ATL,100,38,0.38,124,75,0.6048387096774194
2026-08-09,Pittsburgh Pirates,PIT,128,58,0.453125,117,53,0.452991452991453
2026-08-09,Los Angeles Angels,LAA,132,58,0.4393939393939394,137,83,0.6058394160583942
2026-08-09,Colorado Rockies,COL,130,56,0.4307692307692308,153,96,0.6274509803921569
2026-08-10,Houston Astros,HOU,132,75,0.5681818181818182,141,72,0.5106382978723404
2026-08-10,Kansas City Royals,KC,114,64,0.5614035087719298,140,80,0.5714285714285714
2026-08-10,Detroit Tigers,DET,119,64,0.5378151260504201,113,76,0.672566371681416
2026-08-10,Chicago Cubs,CHC,115,56,0.48695652173913045,118,79,0.6694915254237288
2026-08-10,Arizona Diamondbacks,AZ,100,55,0.55,109,73,0.6697247706422018
2026-08-10,Los Angeles Dodgers,LAD,121,65,0.5371900826446281,101,61,0.6039603960396039
2026-08-10,Philadelphia Phillies,PHI,133,66,0.49624060150375937,104,67,0.6442307692307693
2026-08-10,Cincinnati Reds,CIN,125,67,0.536,138,99,0.717391304347826
2026-08-10,New York Yankees,NYY,140,70,0.5,158,92,0.5822784810126582
2026-08-10,New York Mets,NYM,148,74,0.5,135,73,0.5407407407407407
2026-08-10,Athletics,ATH,106,53,0.5,168,104,0.6190476190476191
2026-08-10,St. Louis Cardinals,STL,99,47,0.47474747474747475,113,64,0.5663716814159292
2026-08-10,Texas Rangers,TEX,103,51,0.49514563106796117,113,72,0.6371681415929203
2026-08-10,Toronto Blue Jays,TOR,112,56,0.5,134,76,0.5671641791044776
2026-08-10,Boston Red Sox,BOS,114,56,0.49122807017543857,109,62,0.5688073394495413
2026-08-10,San Diego Padres,SD,89,38,0.42696629213483145,139,79,0.5683453237410072
2026-08-10,Baltimore Orioles,BAL,125,61,0.488,110,56,0.509090909090909
2026-08-10,Minnesota Twins,MIN,141,67,0.475177304964539,187,114,0.6096256684491979
2026-08-10,Milwaukee Brewers,MIL,86,38,0.4418604651162791,185,100,0.5405405405405406
2026-08-10,San Francisco Giants,SF,117,57,0.48717948717948717,118,62,0.5254237288135594
2026-08-10,Chicago White Sox,CWS,108,49,0.4537037037037037,189,87,0.4603174603174603
2026-08-10,Washington Nationals,WSH,95,41,0.43157894736842106,153,84,0.5490196078431373
2026-08-10,Tampa Bay Rays,TB,103,45,0.4368932038834951,128,75,0.5859375
2026-08-10,Miami Marlins,MIA,105,52,0.49523809523809526,174,104,0.5977011494252874
2026-08-10,Cleveland Guardians,CLE,116,46,0.39655172413793105,131,67,0.5114503816793893
2026-08-10,Seattle Mariners,SEA,119,52,0.4369747899159664,112,66,0.5892857142857143
2026-08-10,Atlanta Braves,ATL,101,38,0.37623762376237624,124,75,0.6048387096774194
2026-08-10,Los Angeles Angels,LAA,133,59,0.44360902255639095,138,84,0.6086956521739131
2026-08-10,Pittsburgh Pirates,PIT,129,58,0.4496124031007752,117,53,0.452991452991453
2026-08-10,Colorado Rockies,COL,131,57,0.4351145038167939,154,97,0.6298701298701299
2026-08-11,Houston Astros,HOU,133,76,0.5714285714285714,143,73,0.5104895104895105
2026-08-11,Kansas City Royals,KC,115,65,0.5652173913043478,141,80,0.5673758865248227
2026-08-11,Detroit Tigers,DET,119,64,0.5378151260504201,113,76,0.672566371681416
2026-08-11,Chicago Cubs,CHC,115,56,0.48695652173913045,118,79,0.6694915254237288
2026-08-11,Arizona Diamondbacks,AZ,100,55,0.55,110,73,0.6636363636363637
2026-08-11,Philadelphia Phillies,PHI,133,66,0.49624060150375937,106,68,0.6415094339622641
2026-08-11,Cincinnati Reds,CIN,125,67,0.536,138,99,0.717391304347826
2026-08-11,New York Yankees,NYY,140,70,0.5,158,92,0.5822784810126582
2026-08-11,Los Angeles Dodgers,LAD,123,65,0.5284552845528455,101,61,0.6039603960396039
2026-08-11,New York Mets,NYM,151,76,0.5033112582781457,137,74,0.5401459854014599
2026-08-11,Athletics,ATH,106,53,0.5,170,106,0.6235294117647059
2026-08-11,Texas Rangers,TEX,104,52,0.5,113,72,0.6371681415929203
2026-08-11,St. Louis Cardinals,STL,101,48,0.4752475247524752,114,64,0.5614035087719298
2026-08-11,Toronto Blue Jays,TOR,112,56,0.5,136,76,0.5588235294117647
2026-08-11,Boston Red Sox,BOS,115,57,0.4956521739130435,112,65,0.5803571428571429
2026-08-11,San Diego Padres,SD,89,38,0.42696629213483145,143,81,0.5664335664335665
2026-08-11,Baltimore Orioles,BAL,126,62,0.49206349206349204,111,56,0.5045045045045045
2026-08-11,Minnesota Twins,MIN,143,68,0.4755244755244755,189,115,0.6084656084656085
2026-08-11,Milwaukee Brewers,MIL,87,38,0.4367816091954023,186,100,0.5376344086021505
2026-08-11,San Francisco Giants,SF,117,57,0.48717948717948717,119,62,0.5210084033613446
2026-08-11,Chicago White Sox,CWS,108,49,0.4537037037037037,189,87,0.4603174603174603
2026-08-11,Washington Nationals,WSH,95,41,0.43157894736842106,153,84,0.5490196078431373
2026-08-11,Tampa Bay Rays,TB,104,46,0.4423076923076923,129,75,0.5813953488372093
2026-08-11,Miami Marlins,MIA,105,52,0.49523809523809526,174,104,0.5977011494252874
2026-08-11,Cleveland Guardians,CLE,116,46,0.39655172413793105,131,67,0.5114503816793893
2026-08-11,Seattle Mariners,SEA,119,52,0.4369747899159664,112,66,0.5892857142857143
2026-08-11,Atlanta Braves,ATL,102,39,0.38235294117647056,125,76,0.608
2026-08-11,Los Angeles Angels,LAA,134,59,0.44029850746268656,139,85,0.6115107913669064
2026-08-11,Pittsburgh Pirates,PIT,129,58,0.4496124031007752,117,53,0.452991452991453
2026-08-11,Colorado Rockies,COL,131,57,0.4351145038167939,155,97,0.6258064516129033
2026-08-12,Kansas City Royals,KC,118,67,0.5677966101694916,141,80,0.5673758865248227
2026-08-12,Houston Astros,HOU,134,76,0.5671641791044776,144,73,0.5069444444444444
2026-08-12,Detroit Tigers,DET,121,66,0.5454545454545454,115,78,0.6782608695652174
2026-08-12,Chicago Cubs,CHC,115,56,0.48695652173913045,118,79,0.6694915254237288
2026-08-12,Cincinnati Reds,CIN,128,70,0.546875,139,99,0.7122302158273381
2026-08-12,Arizona Diamondbacks,AZ,100,55,0.55,113,74,0.6548672566371682
2026-08-12,Philadelphia Phillies,PHI,135,67,0.4962962962962963,107,69,0.6448598130841121
2026-08-12,New York Yankees,NYY,141,71,0.5035460992907801,160,93,0.58125
2026-08-12,Los Angeles Dodgers,LAD,124,65,0.5241935483870968,104,63,0.6057692307692307
2026-08-12,New York Mets,NYM,151,76,0.5033112582781457,139,74,0.5323741007194245
2026-08-12,Texas Rangers,TEX,105,53,0.5047619047619047,113,72,0.6371681415929203
2026-08-12,Athletics,ATH,107,53,0.4953271028037383,171,107,0.6257309941520468
2026-08-12,Toronto Blue Jays,TOR,112,56,0.5,137,76,0.5547445255474452
2026-08-12,St. Louis Cardinals,STL,102,48,0.47058823529411764,114,64,0.5614035087719298
2026-08-12,San Diego Padres,SD,91,40,0.43956043956043955,144,81,0.5625
2026-08-12,Boston Red Sox,BOS,116,58,0.5,114,66,0.5789473684210527
2026-08-12,Baltimore Orioles,BAL,126,62,0.49206349206349204,111,56,0.5045045045045045
2026-08-12,Minnesota Twins,MIN,145,69,0.47586206896551725,190,116,0.6105263157894737
2026-08-12,Chicago White Sox,CWS,109,50,0.45871559633027525,191,88,0.4607329842931937
2026-08-12,Milwaukee Brewers,MIL,87,38,0.4367816091954023,188,101,0.5372340425531915
2026-08-12,San Francisco Giants,SF,118,57,0.4830508474576271,121,63,0.5206611570247934
2026-08-12,Tampa Bay Rays,TB,107,49,0.45794392523364486,129,75,0.5813953488372093
2026-08-12,Washington Nationals,WSH,97,41,0.422680412371134,155,86,0.5548387096774193
2026-08-12,Miami Marlins,MIA,107,54,0.5046728971962616,175,105,0.6
2026-08-12,Cleveland Guardians,CLE,117,47,0.4017094017094017,131,67,0.5114503816793893
2026-08-12,Atlanta Braves,ATL,102,39,0.38235294117647056,125,76,0.608
2026-08-12,Seattle Mariners,SEA,120,52,0.43333333333333335,114,68,0.5964912280701754
2026-08-12,Los Angeles Angels,LAA,134,59,0.44029850746268656,139,85,0.6115107913669064
2026-08-12,Pittsburgh Pirates,PIT,130,58,0.4461538461538462,120,55,0.4583333333333333
2026-08-12,Colorado Rockies,COL,131,57,0.4351145038167939,156,98,0.6282051282051282
2026-08-13,Houston Astros,HOU,136,77,0.5661764705882353,145,74,0.5103448275862069
2026-08-13,Kansas City Royals,KC,119,67,0.5630252100840336,142,81,0.5704225352112676
2026-08-13,Detroit Tigers,DET,124,67,0.5403225806451613,116,79,0.6810344827586207
2026-08-13,Chicago Cubs,CHC,116,57,0.49137931034482757,118,79,0.6694915254237288
2026-08-13,Arizona Diamondbacks,AZ,103,58,0.5631067961165048,115,75,0.6521739130434783
2026-08-13,Cincinnati Reds,CIN,129,71,0.5503875968992248,140,99,0.7071428571428572
2026-08-13,New York Yankees,NYY,141,71,0.5035460992907801,161,94,0.5838509316770186
2026-08-13,Philadelphia Phillies,PHI,137,67,0.48905109489051096,109,71,0.6513761467889908
2026-08-13,Los Angeles Dodgers,LAD,125,65,0.52,105,63,0.6
2026-08-13,New York Mets,NYM,152,76,0.5,142,76,0.5352112676056338
2026-08-13,Texas Rangers,TEX,106,53,0.5,113,72,0.6371681415929203
2026-08-13,Athletics,ATH,107,53,0.4953271028037383,172,108,0.627906976744186
2026-08-13,St. Louis Cardinals,STL,102,48,0.47058823529411764,114,64,0.5614035087719298
2026-08-13,Toronto Blue Jays,TOR,112,56,0.5,137,76,0.5547445255474452
2026-08-13,San Diego Padres,SD,92,41,0.44565217391304346,148,84,0.5675675675675675
2026-08-13,Boston Red Sox,BOS,116,58,0.5,117,68,0.5811965811965812
2026-08-13,Baltimore Orioles,BAL,127,63,0.49606299212598426,113,58,0.5132743362831859
2026-08-13,Minnesota Twins,MIN,145,69,0.47586206896551725,194,119,0.6134020618556701
2026-08-13,Chicago White Sox,CWS,109,50,0.45871559633027525,195,90,0.46153846153846156
2026-08-13,San Francisco Giants,SF,118,57,0.4830508474576271,121,63,0.5206611570247934
2026-08-13,Milwaukee Brewers,MIL,90,39,0.43333333333333335,189,101,0.5343915343915344
2026-08-13,Washington Nationals,WSH,97,41,0.422680412371134,156,86,0.5512820512820513
2026-08-13,Tampa Bay Rays,TB,108,49,0.4537037037037037,133,78,0.5864661654135338
2026-08-13,Miami Marlins,MIA,108,54,0.5,177,106,0.5988700564971752
2026-08-13,Cleveland Guardians,CLE,118,48,0.4067796610169492,134,70,0.5223880597014925
2026-08-13,Atlanta Braves,ATL,104,41,0.3942307692307692,128,78,0.609375
2026-08-13,Seattle Mariners,SEA,122,53,0.4344262295081967,115,68,0.591304347826087
2026-08-13,Los Angeles Angels,LAA,137,62,0.45255474452554745,143,88,0.6153846153846154
2026-08-13,Pittsburgh Pirates,PIT,130,58,0.4461538461538462,123,57,0.4634146341463415
2026-08-13,Colorado Rockies,COL,133,58,0.43609022556390975,159,100,0.6289308176100629
2026-08-14,Houston Astros,HOU,136,77,0.5661764705882353,145,74,0.5103448275862069
2026-08-14,Kansas City Royals,KC,119,67,0.5630252100840336,142,81,0.5704225352112676
2026-08-14,Detroit Tigers,DET,125,67,0.536,117,79,0.6752136752136753
2026-08-14,Chicago Cubs,CHC,117,57,0.48717948717948717,120,80,0.6666666666666666
2026-08-14,Cincinnati Reds,CIN,130,72,0.5538461538461539,142,100,0.704225352112676
2026-08-14,Arizona Diamondbacks,AZ,103,58,0.5631067961165048,115,75,0.6521739130434783
2026-08-14,New York Yankees,NYY,142,72,0.5070422535211268,162,94,0.5802469135802469
2026-08-14,Philadelphia Phillies,PHI,137,67,0.48905109489051096,109,71,0.6513761467889908
2026-08-14,Los Angeles Dodgers,LAD,128,66,0.515625,106,64,0.6037735849056604
2026-08-14,New York Mets,NYM,152,76,0.5,142,76,0.5352112676056338
2026-08-14,Athletics,ATH,107,53,0.4953271028037383,172,108,0.627906976744186
2026-08-14,St. Louis Cardinals,STL,102,48,0.47058823529411764,114,64,0.5614035087719298
2026-08-14,Texas Rangers,TEX,107,53,0.4953271028037383,113,72,0.6371681415929203
2026-08-14,Toronto Blue Jays,TOR,112,56,0.5,139,77,0.5539568345323741
2026-08-14,San Diego Padres,SD,92,41,0.44565217391304346,148,84,0.5675675675675675
2026-08-14,Boston Red Sox,BOS,116,58,0.5,117,68,0.5811965811965812
2026-08-14,Baltimore Orioles,BAL,127,63,0.49606299212598426,113,58,0.5132743362831859
2026-08-14,Minnesota Twins,MIN,145,69,0.47586206896551725,194,119,0.6134020618556701
2026-08-14,Milwaukee Brewers,MIL,93,41,0.44086021505376344,190,101,0.531578947368421
2026-08-14,Chicago White Sox,CWS,111,50,0.45045045045045046,200,95,0.475
2026-08-14,San Francisco Giants,SF,118,57,0.4830508474576271,121,63,0.5206611570247934
2026-08-14,Washington Nationals,WSH,97,41,0.422680412371134,157,86,0.5477707006369427
2026-08-14,Tampa Bay Rays,TB,108,49,0.4537037037037037,133,78,0.5864661654135338
2026-08-14,Miami Marlins,MIA,110,55,0.5,180,108,0.6
2026-08-14,Cleveland Guardians,CLE,118,48,0.4067796610169492,135,71,0.5259259259259259
2026-08-14,Atlanta Braves,ATL,104,41,0.3942307692307692,128,78,0.609375
2026-08-14,Los Angeles Angels,LAA,137,62,0.45255474452554745,144,89,0.6180555555555556
2026-08-14,Seattle Mariners,SEA,123,53,0.43089430894308944,119,72,0.6050420168067226
2026-08-14,Pittsburgh Pirates,PIT,132,59,0.44696969696969696,124,58,0.46774193548387094
2026-08-14,Colorado Rockies,COL,133,58,0.43609022556390975,159,100,0.6289308176100629
2026-08-15,Houston Astros,HOU,137,77,0.5620437956204379,147,75,0.5102040816326531
2026-08-15,Kansas City Royals,KC,121,67,0.5537190082644629,142,81,0.5704225352112676
2026-08-15,Detroit Tigers,DET,126,68,0.5396825396825397,118,79,0.6694915254237288
2026-08-15,Chicago Cubs,CHC,117,57,0.48717948717948717,121,81,0.6694214876033058
2026-08-15,Cincinnati Reds,CIN,130,72,0.5538461538461539,143,101,0.7062937062937062
2026-08-15,Arizona Diamondbacks,AZ,103,58,0.5631067961165048,115,75,0.6521739130434783
2026-08-15,New York Yankees,NYY,143,73,0.5104895104895105,163,95,0.5828220858895705
2026-08-15,Philadelphia Phillies,PHI,137,67,0.48905109489051096,109,71,0.6513761467889908
2026-08-15,Los Angeles Dodgers,LAD,128,66,0.515625,108,66,0.6111111111111112
2026-08-15,New York Mets,NYM,152,76,0.5,143,76,0.5314685314685315
2026-08-15,Texas Rangers,TEX,108,54,0.5,116,74,0.6379310344827587
2026-08-15,Athletics,ATH,107,53,0.4953271028037383,174,108,0.6206896551724138
2026-08-15,Boston Red Sox,BOS,118,60,0.5084745762711864,118,69,0.5847457627118644
2026-08-15,Toronto Blue Jays,TOR,114,58,0.5087719298245614,139,77,0.5539568345323741
2026-08-15,St. Louis Cardinals,STL,102,48,0.47058823529411764,114,64,0.5614035087719298
2026-08-15,San Diego Padres,SD,93,41,0.44086021505376344,151,87,0.5761589403973509
2026-08-15,Baltimore Orioles,BAL,127,63,0.49606299212598426,116,60,0.5172413793103449
2026-08-15,Minnesota Twins,MIN,145,69,0.47586206896551725,194,119,0.6134020618556701
2026-08-15,Chicago White Sox,CWS,114,52,0.45614035087719296,201,95,0.472636815920398
2026-08-15,Milwaukee Brewers,MIL,93,41,0.44086021505376344,191,101,0.5287958115183246
2026-08-15,San Francisco Giants,SF,118,57,0.4830508474576271,124,65,0.5241935483870968
2026-08-15,Washington Nationals,WSH,97,41,0.422680412371134,159,88,0.5534591194968553
2026-08-15,Miami Marlins,MIA,112,56,0.5,182,110,0.6043956043956044
2026-08-15,Tampa Bay Rays,TB,110,50,0.45454545454545453,133,78,0.5864661654135338
2026-08-15,Cleveland Guardians,CLE,120,49,0.4083333333333333,137,72,0.5255474452554745
2026-08-15,Atlanta Braves,ATL,104,41,0.3942307692307692,129,79,0.6124031007751938
2026-08-15,Seattle Mariners,SEA,124,54,0.43548387096774194,120,72,0.6
2026-08-15,Los Angeles Angels,LAA,140,63,0.45,144,89,0.6180555555555556
2026-08-15,Pittsburgh Pirates,PIT,132,59,0.44696969696969696,126,58,0.4603174603174603
2026-08-15,Colorado Rockies,COL,135,60,0.4444444444444444,160,100,0.625
2026-08-16,Houston Astros,HOU,140,79,0.5642857142857143,147,75,0.5102040816326531
2026-08-16,Kansas City Royals,KC,122,67,0.5491803278688525,142,81,0.5704225352112676
2026-08-16,Detroit Tigers,DET,127,68,0.5354330708661418,119,79,0.6638655462184874
2026-08-16,Chicago Cubs,CHC,118,58,0.4915254237288136,123,83,0.6747967479674797
2026-08-16,Cincinnati Reds,CIN,131,73,0.5572519083969466,146,103,0.7054794520547946
2026-08-16,Arizona Diamondbacks,AZ,103,58,0.5631067961165048,116,75,0.646551724137931
2026-08-16,New York Yankees,NYY,143,73,0.5104895104895105,164,95,0.5792682926829268
2026-08-16,Philadelphia Phillies,PHI,140,69,0.4928571428571429,111,73,0.6576576576576577
2026-08-16,Los Angeles Dodgers,LAD,129,67,0.5193798449612403,109,67,0.6146788990825688
2026-08-16,New York Mets,NYM,153,76,0.49673202614379086,144,76,0.5277777777777778
2026-08-16,Texas Rangers,TEX,108,54,0.5,117,74,0.6324786324786325
2026-08-16,Boston Red Sox,BOS,118,60,0.5084745762711864,120,70,0.5833333333333334
2026-08-16,Toronto Blue Jays,TOR,114,58,0.5087719298245614,139,77,0.5539568345323741
2026-08-16,Athletics,ATH,108,53,0.49074074074074076,175,109,0.6228571428571429
2026-08-16,St. Louis Cardinals,STL,103,48,0.46601941747572817,114,64,0.5614035087719298
2026-08-16,San Diego Padres,SD,94,42,0.44680851063829785,153,88,0.5751633986928104
2026-08-16,Baltimore Orioles,BAL,128,63,0.4921875,117,60,0.5128205128205128
2026-08-16,Minnesota Twins,MIN,146,69,0.4726027397260274,195,119,0.6102564102564103
2026-08-16,Chicago White Sox,CWS,114,52,0.45614035087719296,202,96,0.4752475247524752
2026-08-16,Milwaukee Brewers,MIL,95,42,0.4421052631578947,191,101,0.5287958115183246
2026-08-16,San Francisco Giants,SF,119,57,0.4789915966386555,126,66,0.5238095238095238
2026-08-16,Washington Nationals,WSH,97,41,0.422680412371134,160,88,0.55
2026-08-16,Miami Marlins,MIA,115,58,0.5043478260869565,185,112,0.6054054054054054
2026-08-16,Tampa Bay Rays,TB,112,50,0.44642857142857145,134,79,0.5895522388059702
2026-08-16,Cleveland Guardians,CLE,120,49,0.4083333333333333,138,72,0.5217391304347826
2026-08-16,Atlanta Braves,ATL,104,41,0.3942307692307692,133,81,0.6090225563909775
2026-08-16,Seattle Mariners,SEA,124,54,0.43548387096774194,120,72,0.6
2026-08-16,Los Angeles Angels,LAA,142,63,0.44366197183098594,144,89,0.6180555555555556
2026-08-16,Pittsburgh Pirates,PIT,132,59,0.44696969696969696,128,59,0.4609375
2026-08-16,Colorado Rockies,COL,135,60,0.4444444444444444,163,102,0.6257668711656442
2026-08-17,Kansas City Royals,KC,122,67,0.5491803278688525,142,81,0.5704225352112676
2026-08-17,Houston Astros,HOU,142,79,0.5563380281690141,147,75,0.5102040816326531
2026-08-17,Detroit Tigers,DET,127,68,0.5354330708661418,121,80,0.6611570247933884
2026-08-17,Cincinnati Reds,CIN,132,74,0.5606060606060606,148,103,0.6959459459459459
2026-08-17,Chicago Cubs,CHC,120,59,0.49166666666666664,124,83,0.6693548387096774
2026-08-17,New York Yankees,NYY,148,77,0.5202702702702703,166,96,0.5783132530120482
2026-08-17,Arizona Diamondbacks,AZ,104,58,0.5576923076923077,118,76,0.6440677966101694
2026-08-17,Philadelphia Phillies,PHI,140,69,0.4928571428571429,113,74,0.6548672566371682
2026-08-17,Los Angeles Dodgers,LAD,129,67,0.5193798449612403,110,68,0.6181818181818182
2026-08-17,Toronto Blue Jays,TOR,117,61,0.5213675213675214,140,78,0.5571428571428572
2026-08-17,Texas Rangers,TEX,108,54,0.5,118,75,0.635593220338983
2026-08-17,Athletics,ATH,110,55,0.5,175,109,0.6228571428571429
2026-08-17,New York Mets,NYM,154,76,0.4935064935064935,144,76,0.5277777777777778
2026-08-17,Boston Red Sox,BOS,121,61,0.5041322314049587,120,70,0.5833333333333334
2026-08-17,St. Louis Cardinals,STL,103,48,0.46601941747572817,114,64,0.5614035087719298
2026-08-17,San Diego Padres,SD,94,42,0.44680851063829785,155,88,0.567741935483871
2026-08-17,Baltimore Orioles,BAL,129,64,0.49612403100775193,117,60,0.5128205128205128
2026-08-17,Minnesota Twins,MIN,146,69,0.4726027397260274,197,119,0.6040609137055838
2026-08-17,Chicago White Sox,CWS,116,53,0.45689655172413796,204,97,0.47549019607843135
2026-08-17,Milwaukee Brewers,MIL,95,42,0.4421052631578947,193,101,0.5233160621761658
2026-08-17,San Francisco Giants,SF,120,57,0.475,127,66,0.5196850393700787
2026-08-17,Washington Nationals,WSH,98,41,0.41836734693877553,161,89,0.5527950310559007
2026-08-17,Miami Marlins,MIA,116,58,0.5,187,113,0.6042780748663101
2026-08-17,Tampa Bay Rays,TB,113,50,0.4424778761061947,135,79,0.5851851851851851
2026-08-17,Cleveland Guardians,CLE,121,49,0.4049586776859504,139,72,0.5179856115107914
2026-08-17,Atlanta Braves,ATL,104,41,0.3942307692307692,133,81,0.6090225563909775
2026-08-17,Seattle Mariners,SEA,126,55,0.4365079365079365,121,72,0.5950413223140496
2026-08-17,Los Angeles Angels,LAA,142,63,0.44366197183098594,144,89,0.6180555555555556
2026-08-17,Pittsburgh Pirates,PIT,132,59,0.44696969696969696,131,61,0.46564885496183206
2026-08-17,Colorado Rockies,COL,137,61,0.44525547445255476,164,103,0.6280487804878049
2026-08-18,Houston Astros,HOU,142,79,0.5563380281690141,147,75,0.5102040816326531
2026-08-18,Kansas City Royals,KC,122,67,0.5491803278688525,144,81,0.5625
2026-08-18,Detroit Tigers,DET,128,68,0.53125,122,81,0.6639344262295082
2026-08-18,Cincinnati Reds,CIN,136,76,0.5588235294117647,150,104,0.6933333333333334
2026-08-18,Chicago Cubs,CHC,121,60,0.49586776859504134,127,85,0.6692913385826772
2026-08-18,New York Yankees,NYY,148,77,0.5202702702702703,166,96,0.5783132530120482
2026-08-18,Arizona Diamondbacks,AZ,105,59,0.5619047619047619,119,77,0.6470588235294118
2026-08-18,Philadelphia Phillies,PHI,144,72,0.5,114,75,0.6578947368421053
2026-08-18,Los Angeles Dodgers,LAD,129,67,0.5193798449612403,110,68,0.6181818181818182
2026-08-18,Texas Rangers,TEX,108,54,0.5,118,75,0.635593220338983
2026-08-18,St. Louis Cardinals,STL,106,50,0.4716981132075472,114,64,0.5614035087719298
2026-08-18,Toronto Blue Jays,TOR,117,61,0.5213675213675214,140,78,0.5571428571428572
2026-08-18,Athletics,ATH,111,56,0.5045045045045045,176,109,0.6193181818181818
2026-08-18,Baltimore Orioles,BAL,131,66,0.5038167938931297,118,60,0.5084745762711864
2026-08-18,New York Mets,NYM,154,76,0.4935064935064935,144,76,0.5277777777777778
2026-08-18,Boston Red Sox,BOS,122,62,0.5081967213114754,121,71,0.5867768595041323
2026-08-18,San Diego Padres,SD,95,43,0.45263157894736844,157,89,0.5668789808917197
2026-08-18,Minnesota Twins,MIN,146,69,0.4726027397260274,198,120,0.6060606060606061
2026-08-18,Milwaukee Brewers,MIL,95,42,0.4421052631578947,193,101,0.5233160621761658
2026-08-18,Chicago White Sox,CWS,118,54,0.4576271186440678,205,97,0.47317073170731705
2026-08-18,Washington Nationals,WSH,98,41,0.41836734693877553,161,89,0.5527950310559007
2026-08-18,San Francisco Giants,SF,120,57,0.475,127,66,0.5196850393700787
2026-08-18,Miami Marlins,MIA,117,58,0.49572649572649574,188,113,0.601063829787234
2026-08-18,Atlanta Braves,ATL,105,42,0.4,134,82,0.6119402985074627
2026-08-18,Tampa Bay Rays,TB,114,51,0.4473684210526316,136,79,0.5808823529411765
2026-08-18,Cleveland Guardians,CLE,121,49,0.4049586776859504,139,72,0.5179856115107914
2026-08-18,Seattle Mariners,SEA,126,55,0.4365079365079365,121,72,0.5950413223140496
2026-08-18,Los Angeles Angels,LAA,142,63,0.44366197183098594,144,89,0.6180555555555556
2026-08-18,Colorado Rockies,COL,139,61,0.43884892086330934,165,104,0.6303030303030303
2026-08-18,Pittsburgh Pirates,PIT,134,60,0.44776119402985076,136,65,0.47794117647058826
2026-08-19,Kansas City Royals,KC,124,69,0.5564516129032258,145,82,0.5655172413793104
2026-08-19,Houston Astros,HOU,145,81,0.5586206896551724,150,78,0.52
2026-08-19,Cincinnati Reds,CIN,137,77,0.5620437956204379,150,104,0.6933333333333334
2026-08-19,Chicago Cubs,CHC,122,61,0.5,128,85,0.6640625
2026-08-19,Detroit Tigers,DET,128,68,0.53125,123,82,0.6666666666666666
2026-08-19,Arizona Diamondbacks,AZ,107,61,0.5700934579439252,121,77,0.6363636363636364
2026-08-19,New York Yankees,NYY,150,77,0.5133333333333333,167,97,0.5808383233532934
2026-08-19,Philadelphia Phillies,PHI,145,72,0.496551724137931,115,76,0.6608695652173913
2026-08-19,Los Angeles Dodgers,LAD,129,67,0.5193798449612403,110,68,0.6181818181818182
2026-08-19,Toronto Blue Jays,TOR,117,61,0.5213675213675214,142,78,0.5492957746478874
2026-08-19,Texas Rangers,TEX,109,55,0.5045871559633027,119,76,0.6386554621848739
2026-08-19,Athletics,ATH,111,56,0.5045045045045045,178,109,0.6123595505617978
2026-08-19,St. Louis Cardinals,STL,106,50,0.4716981132075472,114,64,0.5614035087719298
2026-08-19,New York Mets,NYM,156,78,0.5,145,77,0.5310344827586206
2026-08-19,Baltimore Orioles,BAL,133,67,0.5037593984962406,120,61,0.5083333333333333
2026-08-19,Boston Red Sox,BOS,123,62,0.5040650406504065,121,71,0.5867768595041323
2026-08-19,San Diego Padres,SD,97,44,0.4536082474226804,157,89,0.5668789808917197
2026-08-19,Minnesota Twins,MIN,147,70,0.47619047619047616,199,120,0.6030150753768844
2026-08-19,Chicago White Sox,CWS,118,54,0.4576271186440678,210,101,0.48095238095238096
2026-08-19,Milwaukee Brewers,MIL,95,42,0.4421052631578947,195,102,0.5230769230769231
2026-08-19,Washington Nationals,WSH,99,42,0.42424242424242425,162,89,0.5493827160493827
2026-08-19,San Francisco Giants,SF,121,57,0.47107438016528924,128,67,0.5234375
2026-08-19,Miami Marlins,MIA,118,58,0.4915254237288136,190,114,0.6
2026-08-19,Atlanta Braves,ATL,105,42,0.4,135,83,0.6148148148148148
2026-08-19,Tampa Bay Rays,TB,116,52,0.4482758620689655,137,80,0.583941605839416
2026-08-19,Cleveland Guardians,CLE,121,49,0.4049586776859504,139,72,0.5179856115107914
2026-08-19,Seattle Mariners,SEA,126,55,0.4365079365079365,122,73,0.5983606557377049
2026-08-19,Los Angeles Angels,LAA,143,63,0.4405594405594406,145,89,0.6137931034482759
2026-08-19,Pittsburgh Pirates,PIT,134,60,0.44776119402985076,137,66,0.48175182481751827
2026-08-19,Colorado Rockies,COL,140,61,0.4357142857142857,165,104,0.6303030303030303
2026-08-20,Kansas City Royals,KC,124,69,0.5564516129032258,146,82,0.5616438356164384
2026-08-20,Houston Astros,HOU,147,82,0.5578231292517006,151,79,0.5231788079470199
2026-08-20,Cincinnati Reds,CIN,138,77,0.5579710144927537,151,105,0.695364238410596
2026-08-20,Detroit Tigers,DET,130,70,0.5384615384615384,124,82,0.6612903225806451
2026-08-20,Chicago Cubs,CHC,123,61,0.4959349593495935,130,86,0.6615384615384615
2026-08-20,Arizona Diamondbacks,AZ,108,61,0.5648148148148148,122,77,0.6311475409836066
2026-08-20,Philadelphia Phillies,PHI,148,74,0.5,115,76,0.6608695652173913
2026-08-20,New York Yankees,NYY,152,78,0.5131578947368421,168,97,0.5773809523809523
2026-08-20,Los Angeles Dodgers,LAD,130,67,0.5153846153846153,110,68,0.6181818181818182
2026-08-20,Toronto Blue Jays,TOR,119,62,0.5210084033613446,143,78,0.5454545454545454
2026-08-20,Texas Rangers,TEX,109,55,0.5045871559633027,121,77,0.6363636363636364
2026-08-20,Athletics,ATH,111,56,0.5045045045045045,179,110,0.6145251396648045
2026-08-20,St. Louis Cardinals,STL,107,50,0.4672897196261682,114,64,0.5614035087719298
2026-08-20,New York Mets,NYM,156,78,0.5,148,79,0.5337837837837838
2026-08-20,Baltimore Orioles,BAL,134,67,0.5,120,61,0.5083333333333333
2026-08-20,San Diego Padres,SD,100,46,0.46,158,89,0.5632911392405063
2026-08-20,Boston Red Sox,BOS,125,63,0.504,121,71,0.5867768595041323
2026-08-20,Minnesota Twins,MIN,147,70,0.47619047619047616,202,121,0.599009900990099
2026-08-20,Milwaukee Brewers,MIL,95,42,0.4421052631578947,197,102,0.5177664974619289
2026-08-20,Chicago White Sox,CWS,120,54,0.45,211,102,0.4834123222748815
2026-08-20,Washington Nationals,WSH,99,42,0.42424242424242425,163,90,0.5521472392638037
2026-08-20,San Francisco Giants,SF,121,57,0.47107438016528924,132,69,0.5227272727272727
2026-08-20,Miami Marlins,MIA,119,59,0.4957983193277311,191,115,0.6020942408376964
2026-08-20,Atlanta Braves,ATL,105,42,0.4,136,84,0.6176470588235294
2026-08-20,Tampa Bay Rays,TB,116,52,0.4482758620689655,137,80,0.583941605839416
2026-08-20,Cleveland Guardians,CLE,122,49,0.4016393442622951,140,73,0.5214285714285715
2026-08-20,Seattle Mariners,SEA,129,56,0.43410852713178294,122,73,0.5983606557377049
2026-08-20,Pittsburgh Pirates,PIT,134,60,0.44776119402985076,137,66,0.48175182481751827
2026-08-20,Los Angeles Angels,LAA,144,63,0.4375,147,91,0.6190476190476191
2026-08-20,Colorado Rockies,COL,142,61,0.4295774647887324,167,106,0.6347305389221557
2026-08-21,Kansas City Royals,KC,125,69,0.552,147,82,0.5578231292517006
2026-08-21,Houston Astros,HOU,148,82,0.5540540540540541,153,81,0.5294117647058824
2026-08-21,Cincinnati Reds,CIN,139,78,0.5611510791366906,153,106,0.6928104575163399
2026-08-21,Detroit Tigers,DET,130,70,0.5384615384615384,124,82,0.6612903225806451
2026-08-21,Chicago Cubs,CHC,123,61,0.4959349593495935,130,86,0.6615384615384615
2026-08-21,Arizona Diamondbacks,AZ,108,61,0.5648148148148148,122,77,0.6311475409836066
2026-08-21,New York Yankees,NYY,153,79,0.5163398692810458,169,98,0.5798816568047337
2026-08-21,Philadelphia Phillies,PHI,148,74,0.5,115,76,0.6608695652173913
2026-08-21,Los Angeles Dodgers,LAD,130,67,0.5153846153846153,110,68,0.6181818181818182
2026-08-21,Texas Rangers,TEX,109,55,0.5045871559633027,122,77,0.6311475409836066
2026-08-21,Athletics,ATH,113,58,0.5132743362831859,180,111,0.6166666666666667
2026-08-21,Toronto Blue Jays,TOR,121,63,0.5206611570247934,144,79,0.5486111111111112
2026-08-21,St. Louis Cardinals,STL,107,50,0.4672897196261682,116,64,0.5517241379310345
2026-08-21,New York Mets,NYM,156,78,0.5,148,79,0.5337837837837838
2026-08-21,Baltimore Orioles,BAL,134,67,0.5,121,61,0.5041322314049587
2026-08-21,San Diego Padres,SD,100,46,0.46,158,89,0.5632911392405063
2026-08-21,Boston Red Sox,BOS,125,63,0.504,121,71,0.5867768595041323
2026-08-21,Minnesota Twins,MIN,147,70,0.47619047619047616,202,121,0.599009900990099
2026-08-21,Milwaukee Brewers,MIL,97,43,0.44329896907216493,199,104,0.5226130653266332
2026-08-21,Washington Nationals,WSH,100,42,0.42,165,91,0.5515151515151515
2026-08-21,Chicago White Sox,CWS,122,55,0.45081967213114754,211,102,0.4834123222748815
2026-08-21,San Francisco Giants,SF,122,57,0.4672131147540984,133,69,0.518796992481203
2026-08-21,Miami Marlins,MIA,119,59,0.4957983193277311,191,115,0.6020942408376964
2026-08-21,Atlanta Braves,ATL,106,43,0.4056603773584906,136,84,0.6176470588235294
2026-08-21,Tampa Bay Rays,TB,118,53,0.4491525423728814,139,82,0.5899280575539568
2026-08-21,Cleveland Guardians,CLE,122,49,0.4016393442622951,142,73,0.5140845070422535
2026-08-21,Seattle Mariners,SEA,129,56,0.43410852713178294,124,74,0.5967741935483871
2026-08-21,Pittsburgh Pirates,PIT,134,60,0.44776119402985076,137,66,0.48175182481751827
2026-08-21,Los Angeles Angels,LAA,145,64,0.4413793103448276,148,91,0.6148648648648649
2026-08-21,Colorado Rockies,COL,142,61,0.4295774647887324,167,106,0.6347305389221557
2026-08-22,Kansas City Royals,KC,125,69,0.552,148,82,0.5540540540540541
2026-08-22,Houston Astros,HOU,149,82,0.5503355704697986,154,82,0.5324675324675324
2026-08-22,Cincinnati Reds,CIN,140,79,0.5642857142857143,156,108,0.6923076923076923
2026-08-22,Detroit Tigers,DET,130,70,0.5384615384615384,125,82,0.656
2026-08-22,Chicago Cubs,CHC,124,61,0.49193548387096775,132,87,0.6590909090909091
2026-08-22,Arizona Diamondbacks,AZ,108,61,0.5648148148148148,124,79,0.6370967741935484
2026-08-22,New York Yankees,NYY,153,79,0.5163398692810458,170,98,0.5764705882352941
2026-08-22,Philadelphia Phillies,PHI,150,74,0.49333333333333335,115,76,0.6608695652173913
2026-08-22,Los Angeles Dodgers,LAD,133,69,0.518796992481203,114,71,0.6228070175438597
2026-08-22,Toronto Blue Jays,TOR,122,64,0.5245901639344263,146,80,0.547945205479452
2026-08-22,Athletics,ATH,113,58,0.5132743362831859,182,113,0.6208791208791209
2026-08-22,Texas Rangers,TEX,112,56,0.5,123,78,0.6341463414634146
2026-08-22,St. Louis Cardinals,STL,107,50,0.4672897196261682,116,64,0.5517241379310345
2026-08-22,New York Mets,NYM,157,79,0.5031847133757962,150,80,0.5333333333333333
2026-08-22,Baltimore Orioles,BAL,134,67,0.5,122,62,0.5081967213114754
2026-08-22,Boston Red Sox,BOS,125,63,0.504,124,74,0.5967741935483871
2026-08-22,San Diego Padres,SD,100,46,0.46,159,89,0.559748427672956
2026-08-22,Minnesota Twins,MIN,147,70,0.47619047619047616,203,122,0.6009852216748769
2026-08-22,Milwaukee Brewers,MIL,99,43,0.43434343434343436,200,105,0.525
2026-08-22,Chicago White Sox,CWS,123,56,0.45528455284552843,213,103,0.4835680751173709
2026-08-22,Washington Nationals,WSH,102,43,0.4215686274509804,167,92,0.5508982035928144
2026-08-22,Miami Marlins,MIA,120,60,0.5,193,116,0.6010362694300518
2026-08-22,San Francisco Giants,SF,123,57,0.4634146341463415,134,69,0.5149253731343284
2026-08-22,Atlanta Braves,ATL,107,43,0.40186915887850466,136,84,0.6176470588235294
2026-08-22,Tampa Bay Rays,TB,118,53,0.4491525423728814,139,82,0.5899280575539568
2026-08-22,Cleveland Guardians,CLE,122,49,0.4016393442622951,144,74,0.5138888888888888
2026-08-22,Seattle Mariners,SEA,130,56,0.4307692307692308,128,77,0.6015625
2026-08-22,Pittsburgh Pirates,PIT,135,60,0.4444444444444444,140,67,0.4785714285714286
2026-08-22,Los Angeles Angels,LAA,146,64,0.4383561643835616,149,92,0.6174496644295302
2026-08-22,Colorado Rockies,COL,143,61,0.42657342657342656,167,106,0.6347305389221557
2026-08-23,Kansas City Royals,KC,126,70,0.5555555555555556,148,82,0.5540540540540541
2026-08-23,Houston Astros,HOU,149,82,0.5503355704697986,157,83,0.5286624203821656
2026-08-23,Cincinnati Reds,CIN,142,81,0.5704225352112676,158,108,0.6835443037974683
2026-08-23,Detroit Tigers,DET,131,71,0.5419847328244275,125,82,0.656
2026-08-23,Chicago Cubs,CHC,124,61,0.49193548387096775,133,88,0.6616541353383458
2026-08-23,Arizona Diamondbacks,AZ,109,61,0.5596330275229358,126,80,0.6349206349206349
2026-08-23,New York Yankees,NYY,158,82,0.5189873417721519,170,98,0.5764705882352941
2026-08-23,Philadelphia Phillies,PHI,151,74,0.4900662251655629,115,76,0.6608695652173913
2026-08-23,Los Angeles Dodgers,LAD,134,70,0.5223880597014925,116,71,0.6120689655172413
2026-08-23,Athletics,ATH,114,59,0.5175438596491229,185,115,0.6216216216216216
2026-08-23,Toronto Blue Jays,TOR,123,65,0.5284552845528455,148,80,0.5405405405405406
2026-08-23,Texas Rangers,TEX,112,56,0.5,123,78,0.6341463414634146
2026-08-23,New York Mets,NYM,159,81,0.5094339622641509,151,80,0.5298013245033113
2026-08-23,St. Louis Cardinals,STL,107,50,0.4672897196261682,117,64,0.5470085470085471
2026-08-23,Baltimore Orioles,BAL,134,67,0.5,122,62,0.5081967213114754
2026-08-23,San Diego Padres,SD,100,46,0.46,159,89,0.559748427672956
2026-08-23,Boston Red Sox,BOS,126,63,0.5,126,75,0.5952380952380952
2026-08-23,Minnesota Twins,MIN,149,70,0.4697986577181208,203,122,0.6009852216748769
2026-08-23,Milwaukee Brewers,MIL,99,43,0.43434343434343436,202,106,0.5247524752475248
2026-08-23,Chicago White Sox,CWS,124,56,0.45161290322580644,216,106,0.49074074074074076
2026-08-23,Washington Nationals,WSH,103,43,0.4174757281553398,167,92,0.5508982035928144
2026-08-23,Miami Marlins,MIA,120,60,0.5,195,116,0.5948717948717949
2026-08-23,San Francisco Giants,SF,124,57,0.4596774193548387,134,69,0.5149253731343284
2026-08-23,Atlanta Braves,ATL,107,43,0.40186915887850466,136,84,0.6176470588235294
2026-08-23,Tampa Bay Rays,TB,119,53,0.44537815126050423,141,84,0.5957446808510638
2026-08-23,Cleveland Guardians,CLE,122,49,0.4016393442622951,146,76,0.5205479452054794
2026-08-23,Seattle Mariners,SEA,130,56,0.4307692307692308,130,78,0.6
2026-08-23,Los Angeles Angels,LAA,148,66,0.44594594594594594,151,94,0.6225165562913907
2026-08-23,Pittsburgh Pirates,PIT,135,60,0.4444444444444444,142,68,0.4788732394366197
2026-08-23,Colorado Rockies,COL,143,61,0.42657342657342656,168,106,0.6309523809523809
2026-08-24,Kansas City Royals,KC,127,70,0.5511811023622047,149,83,0.5570469798657718
2026-08-24,Cincinnati Reds,CIN,144,82,0.5694444444444444,159,108,0.6792452830188679
2026-08-24,Houston Astros,HOU,152,83,0.5460526315789473,158,84,0.5316455696202531
2026-08-24,Detroit Tigers,DET,132,72,0.5454545454545454,127,82,0.6456692913385826
2026-08-24,Chicago Cubs,CHC,124,61,0.49193548387096775,133,88,0.6616541353383458
2026-08-24,Arizona Diamondbacks,AZ,110,62,0.5636363636363636,130,83,0.6384615384615384
2026-08-24,New York Yankees,NYY,160,82,0.5125,170,98,0.5764705882352941
2026-08-24,Philadelphia Phillies,PHI,152,74,0.4868421052631579,116,77,0.6637931034482759
2026-08-24,Los Angeles Dodgers,LAD,135,70,0.5185185185185185,117,71,0.6068376068376068
2026-08-24,Toronto Blue Jays,TOR,123,65,0.5284552845528455,149,80,0.5369127516778524
2026-08-24,Texas Rangers,TEX,112,56,0.5,124,79,0.6370967741935484
2026-08-24,Athletics,ATH,117,60,0.5128205128205128,185,115,0.6216216216216216
2026-08-24,New York Mets,NYM,161,82,0.5093167701863354,153,81,0.5294117647058824
2026-08-24,St. Louis Cardinals,STL,109,51,0.46788990825688076,117,64,0.5470085470085471
2026-08-24,Baltimore Orioles,BAL,135,67,0.4962962962962963,124,64,0.5161290322580645
2026-08-24,San Diego Padres,SD,101,46,0.45544554455445546,160,89,0.55625
2026-08-24,Boston Red Sox,BOS,127,63,0.49606299212598426,126,75,0.5952380952380952
2026-08-24,Minnesota Twins,MIN,149,70,0.4697986577181208,205,122,0.5951219512195122
2026-08-24,Milwaukee Brewers,MIL,99,43,0.43434343434343436,202,106,0.5247524752475248
2026-08-24,Chicago White Sox,CWS,127,58,0.4566929133858268,217,106,0.48847926267281105
2026-08-24,Miami Marlins,MIA,121,61,0.5041322314049587,196,117,0.5969387755102041
2026-08-24,Washington Nationals,WSH,103,43,0.4174757281553398,168,92,0.5476190476190477
2026-08-24,San Francisco Giants,SF,124,57,0.4596774193548387,136,71,0.5220588235294118
2026-08-24,Atlanta Braves,ATL,107,43,0.40186915887850466,136,84,0.6176470588235294
2026-08-24,Tampa Bay Rays,TB,121,55,0.45454545454545453,143,85,0.5944055944055944
2026-08-24,Cleveland Guardians,CLE,122,49,0.4016393442622951,146,76,0.5205479452054794
2026-08-24,Seattle Mariners,SEA,131,56,0.42748091603053434,131,78,0.5954198473282443
2026-08-24,Los Angeles Angels,LAA,148,66,0.44594594594594594,152,95,0.625
2026-08-24,Pittsburgh Pirates,PIT,136,60,0.4411764705882353,143,69,0.4825174825174825
2026-08-24,Colorado Rockies,COL,143,61,0.42657342657342656,170,106,0.6235294117647059
2026-08-25,Kansas City Royals,KC,127,70,0.5511811023622047,149,83,0.5570469798657718
2026-08-25,Cincinnati Reds,CIN,145,82,0.5655172413793104,160,109,0.68125
2026-08-25,Houston Astros,HOU,152,83,0.5460526315789473,158,84,0.5316455696202531
2026-08-25,Detroit Tigers,DET,134,72,0.5373134328358209,127,82,0.6456692913385826
2026-08-25,Chicago Cubs,CHC,126,62,0.49206349206349204,136,91,0.6691176470588235
2026-08-25,Arizona Diamondbacks,AZ,112,63,0.5625,131,84,0.6412213740458015
2026-08-25,New York Yankees,NYY,160,82,0.5125,170,98,0.5764705882352941
2026-08-25,Philadelphia Phillies,PHI,152,74,0.4868421052631579,116,77,0.6637931034482759
2026-08-25,Los Angeles Dodgers,LAD,135,70,0.5185185185185185,117,71,0.6068376068376068
2026-08-25,Toronto Blue Jays,TOR,123,65,0.5284552845528455,149,80,0.5369127516778524
2026-08-25,Athletics,ATH,117,60,0.5128205128205128,185,115,0.6216216216216216
2026-08-25,Texas Rangers,TEX,113,57,0.504424778761062,125,79,0.632
2026-08-25,New York Mets,NYM,161,82,0.5093167701863354,153,81,0.5294117647058824
2026-08-25,St. Louis Cardinals,STL,109,51,0.46788990825688076,117,64,0.5470085470085471
2026-08-25,Baltimore Orioles,BAL,135,67,0.4962962962962963,124,64,0.5161290322580645
2026-08-25,San Diego Padres,SD,105,49,0.4666666666666667,161,90,0.5590062111801242
2026-08-25,Boston Red Sox,BOS,130,65,0.5,126,75,0.5952380952380952
2026-08-25,Minnesota Twins,MIN,150,71,0.47333333333333333,207,122,0.5893719806763285
2026-08-25,Milwaukee Brewers,MIL,99,43,0.43434343434343436,202,106,0.5247524752475248
2026-08-25,Chicago White Sox,CWS,127,58,0.4566929133858268,222,109,0.49099099099099097
2026-08-25,Miami Marlins,MIA,124,64,0.5161290322580645,196,117,0.5969387755102041
2026-08-25,Washington Nationals,WSH,103,43,0.4174757281553398,170,92,0.5411764705882353
2026-08-25,San Francisco Giants,SF,124,57,0.4596774193548387,140,74,0.5285714285714286
2026-08-25,Atlanta Braves,ATL,107,43,0.40186915887850466,136,84,0.6176470588235294
2026-08-25,Tampa Bay Rays,TB,121,55,0.45454545454545453,144,85,0.5902777777777778
2026-08-25,Cleveland Guardians,CLE,122,49,0.4016393442622951,148,76,0.5135135135135135
2026-08-25,Seattle Mariners,SEA,131,56,0.42748091603053434,132,79,0.5984848484848485
2026-08-25,Los Angeles Angels,LAA,148,66,0.44594594594594594,153,96,0.6274509803921569
2026-08-25,Pittsburgh Pirates,PIT,138,60,0.43478260869565216,145,70,0.4827586206896552
2026-08-25,Colorado Rockies,COL,145,62,0.42758620689655175,172,107,0.622093023255814
2026-08-26,Kansas City Royals,KC,127,70,0.5511811023622047,150,83,0.5533333333333333
2026-08-26,Cincinnati Reds,CIN,146,82,0.5616438356164384,163,111,0.6809815950920245
2026-08-26,Houston Astros,HOU,153,83,0.5424836601307189,159,84,0.5283018867924528
2026-08-26,Detroit Tigers,DET,134,72,0.5373134328358209,128,82,0.640625
2026-08-26,Chicago Cubs,CHC,128,64,0.5,138,92,0.6666666666666666
2026-08-26,Arizona Diamondbacks,AZ,112,63,0.5625,132,85,0.6439393939393939
2026-08-26,New York Yankees,NYY,161,83,0.515527950310559,170,98,0.5764705882352941
2026-08-26,Philadelphia Phillies,PHI,153,75,0.49019607843137253,119,80,0.6722689075630253
2026-08-26,Toronto Blue Jays,TOR,125,67,0.536,151,81,0.5364238410596026
2026-08-26,Los Angeles Dodgers,LAD,136,70,0.5147058823529411,119,72,0.6050420168067226
2026-08-26,Athletics,ATH,117,60,0.5128205128205128,187,117,0.6256684491978609
2026-08-26,New York Mets,NYM,161,82,0.5093167701863354,158,83,0.5253164556962026
2026-08-26,St. Louis Cardinals,STL,111,53,0.4774774774774775,118,65,0.5508474576271186
2026-08-26,Texas Rangers,TEX,114,57,0.5,126,80,0.6349206349206349
2026-08-26,Baltimore Orioles,BAL,137,67,0.48905109489051096,125,65,0.52
2026-08-26,San Diego Padres,SD,107,50,0.4672897196261682,162,90,0.5555555555555556
2026-08-26,Boston Red Sox,BOS,134,67,0.5,127,75,0.5905511811023622
2026-08-26,Minnesota Twins,MIN,153,73,0.477124183006536,210,124,0.5904761904761905
2026-08-26,Milwaukee Brewers,MIL,101,44,0.43564356435643564,205,109,0.5317073170731708
2026-08-26,Chicago White Sox,CWS,127,58,0.4566929133858268,226,112,0.49557522123893805
2026-08-26,Washington Nationals,WSH,104,43,0.41346153846153844,171,92,0.5380116959064327
2026-08-26,Miami Marlins,MIA,127,65,0.5118110236220472,197,118,0.5989847715736041
2026-08-26,Atlanta Braves,ATL,107,43,0.40186915887850466,140,87,0.6214285714285714
2026-08-26,San Francisco Giants,SF,125,57,0.456,140,74,0.5285714285714286
2026-08-26,Cleveland Guardians,CLE,124,51,0.4112903225806452,151,79,0.5231788079470199
2026-08-26,Tampa Bay Rays,TB,123,55,0.44715447154471544,145,86,0.593103448275862
2026-08-26,Seattle Mariners,SEA,131,56,0.42748091603053434,134,79,0.5895522388059702
2026-08-26,Los Angeles Angels,LAA,148,66,0.44594594594594594,154,96,0.6233766233766234
2026-08-26,Pittsburgh Pirates,PIT,140,62,0.44285714285714284,146,70,0.4794520547945205
2026-08-26,Colorado Rockies,COL,147,63,0.42857142857142855,173,107,0.6184971098265896
2026-08-27,Kansas City Royals,KC,128,70,0.546875,150,83,0.5533333333333333
2026-08-27,Houston Astros,HOU,154,84,0.5454545454545454,160,84,0.525
2026-08-27,Cincinnati Reds,CIN,148,84,0.5675675675675675,165,113,0.6848484848484848
2026-08-27,Detroit Tigers,DET,136,73,0.5367647058823529,128,82,0.640625
2026-08-27,Chicago Cubs,CHC,131,65,0.4961832061068702,138,92,0.6666666666666666
2026-08-27,Arizona Diamondbacks,AZ,112,63,0.5625,134,86,0.6417910447761194
2026-08-27,New York Yankees,NYY,163,84,0.5153374233128835,171,99,0.5789473684210527
2026-08-27,Philadelphia Phillies,PHI,155,76,0.49032258064516127,119,80,0.6722689075630253
2026-08-27,Toronto Blue Jays,TOR,125,67,0.536,154,82,0.5324675324675324
2026-08-27,Athletics,ATH,118,61,0.5169491525423728,188,117,0.6223404255319149
2026-08-27,Los Angeles Dodgers,LAD,137,70,0.5109489051094891,120,72,0.6
2026-08-27,Texas Rangers,TEX,116,59,0.5086206896551724,130,83,0.6384615384615384
2026-08-27,New York Mets,NYM,162,82,0.5061728395061729,158,83,0.5253164556962026
2026-08-27,St. Louis Cardinals,STL,111,53,0.4774774774774775,118,65,0.5508474576271186
2026-08-27,Baltimore Orioles,BAL,138,67,0.4855072463768116,126,65,0.5158730158730159
2026-08-27,San Diego Padres,SD,107,50,0.4672897196261682,164,91,0.5548780487804879
2026-08-27,Minnesota Twins,MIN,154,74,0.4805194805194805,212,125,0.589622641509434
2026-08-27,Boston Red Sox,BOS,137,68,0.49635036496350365,127,75,0.5905511811023622
2026-08-27,Milwaukee Brewers,MIL,102,45,0.4411764705882353,206,110,0.5339805825242718
2026-08-27,Chicago White Sox,CWS,127,58,0.4566929133858268,227,112,0.4933920704845815
2026-08-27,Washington Nationals,WSH,104,43,0.41346153846153844,171,92,0.5380116959064327
2026-08-27,Miami Marlins,MIA,128,66,0.515625,199,119,0.5979899497487438
2026-08-27,San Francisco Giants,SF,125,57,0.456,143,76,0.5314685314685315
2026-08-27,Atlanta Braves,ATL,109,44,0.4036697247706422,141,88,0.624113475177305
2026-08-27,Cleveland Guardians,CLE,124,51,0.4112903225806452,153,79,0.5163398692810458
2026-08-27,Tampa Bay Rays,TB,124,56,0.45161290322580644,148,88,0.5945945945945946
2026-08-27,Seattle Mariners,SEA,132,56,0.42424242424242425,137,81,0.5912408759124088
2026-08-27,Pittsburgh Pirates,PIT,140,62,0.44285714285714284,146,70,0.4794520547945205
2026-08-27,Los Angeles Angels,LAA,149,66,0.4429530201342282,154,96,0.6233766233766234
2026-08-27,Colorado Rockies,COL,148,63,0.42567567567567566,174,108,0.6206896551724138
2026-08-28,Kansas City Royals,KC,128,70,0.546875,150,83,0.5533333333333333
2026-08-28,Houston Astros,HOU,155,84,0.5419354838709678,161,85,0.5279503105590062
2026-08-28,Cincinnati Reds,CIN,148,84,0.5675675675675675,165,113,0.6848484848484848
2026-08-28,Detroit Tigers,DET,136,73,0.5367647058823529,128,82,0.640625
2026-08-28,Chicago Cubs,CHC,131,65,0.4961832061068702,138,92,0.6666666666666666
2026-08-28,Arizona Diamondbacks,AZ,112,63,0.5625,135,86,0.6370370370370371
2026-08-28,New York Yankees,NYY,163,84,0.5153374233128835,172,100,0.5813953488372093
2026-08-28,Philadelphia Phillies,PHI,155,76,0.49032258064516127,119,80,0.6722689075630253
2026-08-28,Toronto Blue Jays,TOR,127,69,0.5433070866141733,154,82,0.5324675324675324
2026-08-28,Athletics,ATH,118,61,0.5169491525423728,188,117,0.6223404255319149
2026-08-28,Texas Rangers,TEX,116,59,0.5086206896551724,130,83,0.6384615384615384
2026-08-28,Los Angeles Dodgers,LAD,138,70,0.5072463768115942,120,72,0.6
2026-08-28,New York Mets,NYM,163,82,0.5030674846625767,159,84,0.5283018867924528
2026-08-28,St. Louis Cardinals,STL,112,53,0.4732142857142857,118,65,0.5508474576271186
2026-08-28,San Diego Padres,SD,107,50,0.4672897196261682,164,91,0.5548780487804879
2026-08-28,Baltimore Orioles,BAL,141,68,0.48226950354609927,128,67,0.5234375
2026-08-28,Minnesota Twins,MIN,154,74,0.4805194805194805,212,125,0.589622641509434
2026-08-28,Boston Red Sox,BOS,137,68,0.49635036496350365,127,75,0.5905511811023622
2026-08-28,Milwaukee Brewers,MIL,103,45,0.4368932038834951,208,111,0.5336538461538461
2026-08-28,Chicago White Sox,CWS,127,58,0.4566929133858268,227,112,0.4933920704845815
2026-08-28,Miami Marlins,MIA,128,66,0.515625,199,119,0.5979899497487438
2026-08-28,Washington Nationals,WSH,105,43,0.4095238095238095,174,94,0.5402298850574713
2026-08-28,San Francisco Giants,SF,125,57,0.456,144,77,0.5347222222222222
2026-08-28,Atlanta Braves,ATL,109,44,0.4036697247706422,141,88,0.624113475177305
2026-08-28,Cleveland Guardians,CLE,124,51,0.4112903225806452,153,79,0.5163398692810458
2026-08-28,Tampa Bay Rays,TB,124,56,0.45161290322580644,148,88,0.5945945945945946
2026-08-28,Seattle Mariners,SEA,132,56,0.42424242424242425,137,81,0.5912408759124088
2026-08-28,Pittsburgh Pirates,PIT,140,62,0.44285714285714284,146,70,0.4794520547945205
2026-08-28,Los Angeles Angels,LAA,149,66,0.4429530201342282,154,96,0.6233766233766234
2026-08-28,Colorado Rockies,COL,151,64,0.423841059602649,174,108,0.6206896551724138
2026-08-29,Kansas City Royals,KC,129,70,0.5426356589147286,150,83,0.5533333333333333
2026-08-29,Cincinnati Reds,CIN,149,85,0.5704697986577181,167,115,0.688622754491018
2026-08-29,Houston Astros,HOU,156,84,0.5384615384615384,162,86,0.5308641975308642
2026-08-29,Chicago Cubs,CHC,132,66,0.5,142,96,0.676056338028169
2026-08-29,Detroit Tigers,DET,137,73,0.5328467153284672,129,82,0.6356589147286822
2026-08-29,New York Yankees,NYY,165,86,0.5212121212121212,175,102,0.5828571428571429
2026-08-29,Arizona Diamondbacks,AZ,114,64,0.5614035087719298,139,89,0.6402877697841727
2026-08-29,Toronto Blue Jays,TOR,127,69,0.5433070866141733,154,82,0.5324675324675324
2026-08-29,Philadelphia Phillies,PHI,157,76,0.4840764331210191,119,80,0.6722689075630253
2026-08-29,Athletics,ATH,120,62,0.5166666666666667,191,120,0.6282722513089005
2026-08-29,Texas Rangers,TEX,117,59,0.5042735042735043,130,83,0.6384615384615384
2026-08-29,Los Angeles Dodgers,LAD,138,70,0.5072463768115942,120,72,0.6
2026-08-29,St. Louis Cardinals,STL,112,53,0.4732142857142857,118,65,0.5508474576271186
2026-08-29,New York Mets,NYM,164,82,0.5,161,85,0.5279503105590062
2026-08-29,San Diego Padres,SD,107,50,0.4672897196261682,165,91,0.5515151515151515
2026-08-29,Boston Red Sox,BOS,141,71,0.5035460992907801,127,75,0.5905511811023622
2026-08-29,Baltimore Orioles,BAL,142,68,0.4788732394366197,129,67,0.5193798449612403
2026-08-29,Chicago White Sox,CWS,131,62,0.4732824427480916,229,113,0.49344978165938863
2026-08-29,Minnesota Twins,MIN,154,74,0.4805194805194805,215,127,0.5906976744186047
2026-08-29,Milwaukee Brewers,MIL,103,45,0.4368932038834951,208,111,0.5336538461538461
2026-08-29,Miami Marlins,MIA,129,66,0.5116279069767442,202,122,0.6039603960396039
2026-08-29,Washington Nationals,WSH,106,43,0.4056603773584906,174,94,0.5402298850574713
2026-08-29,San Francisco Giants,SF,127,58,0.4566929133858268,149,81,0.5436241610738255
2026-08-29,Atlanta Braves,ATL,110,45,0.4090909090909091,143,89,0.6223776223776224
2026-08-29,Tampa Bay Rays,TB,126,57,0.4523809523809524,148,88,0.5945945945945946
2026-08-29,Cleveland Guardians,CLE,125,51,0.408,155,81,0.5225806451612903
2026-08-29,Seattle Mariners,SEA,133,57,0.42857142857142855,138,81,0.5869565217391305
2026-08-29,Pittsburgh Pirates,PIT,140,62,0.44285714285714284,147,71,0.48299319727891155
2026-08-29,Los Angeles Angels,LAA,149,66,0.4429530201342282,156,96,0.6153846153846154
2026-08-29,Colorado Rockies,COL,153,65,0.42483660130718953,175,109,0.6228571428571429
2026-08-30,Cincinnati Reds,CIN,150,86,0.5733333333333334,168,116,0.6904761904761905
2026-08-30,Kansas City Royals,KC,129,70,0.5426356589147286,150,83,0.5533333333333333
2026-08-30,Houston Astros,HOU,157,85,0.5414012738853503,163,87,0.5337423312883436
2026-08-30,Chicago Cubs,CHC,133,67,0.5037593984962406,144,97,0.6736111111111112
2026-08-30,New York Yankees,NYY,166,87,0.5240963855421686,179,104,0.5810055865921788
2026-08-30,Detroit Tigers,DET,140,74,0.5285714285714286,129,82,0.6356589147286822
2026-08-30,Arizona Diamondbacks,AZ,117,66,0.5641025641025641,142,90,0.6338028169014085
2026-08-30,Athletics,ATH,122,64,0.5245901639344263,192,120,0.625
2026-08-30,Toronto Blue Jays,TOR,127,69,0.5433070866141733,156,84,0.5384615384615384
2026-08-30,Philadelphia Phillies,PHI,157,76,0.4840764331210191,119,80,0.6722689075630253
2026-08-30,Texas Rangers,TEX,119,60,0.5042016806722689,132,85,0.6439393939393939
2026-08-30,Los Angeles Dodgers,LAD,138,70,0.5072463768115942,122,73,0.5983606557377049
2026-08-30,St. Louis Cardinals,STL,113,54,0.4778761061946903,119,65,0.5462184873949579
2026-08-30,New York Mets,NYM,164,82,0.5,161,85,0.5279503105590062
2026-08-30,San Diego Padres,SD,108,50,0.46296296296296297,166,92,0.5542168674698795
2026-08-30,Baltimore Orioles,BAL,142,68,0.4788732394366197,129,67,0.5193798449612403
2026-08-30,Chicago White Sox,CWS,132,63,0.4772727272727273,231,115,0.49783549783549785
2026-08-30,Boston Red Sox,BOS,142,71,0.5,132,78,0.5909090909090909
2026-08-30,Minnesota Twins,MIN,154,74,0.4805194805194805,218,128,0.5871559633027523
2026-08-30,Milwaukee Brewers,MIL,103,45,0.4368932038834951,209,111,0.5311004784688995
2026-08-30,Miami Marlins,MIA,131,67,0.5114503816793893,205,123,0.6
2026-08-30,Washington Nationals,WSH,106,43,0.4056603773584906,175,94,0.5371428571428571
2026-08-30,Atlanta Braves,ATL,110,45,0.4090909090909091,143,89,0.6223776223776224
2026-08-30,San Francisco Giants,SF,127,58,0.4566929133858268,151,81,0.5364238410596026
2026-08-30,Cleveland Guardians,CLE,126,52,0.4126984126984127,155,81,0.5225806451612903
2026-08-30,Tampa Bay Rays,TB,126,57,0.4523809523809524,150,89,0.5933333333333334
2026-08-30,Seattle Mariners,SEA,134,57,0.4253731343283582,140,82,0.5857142857142857
2026-08-30,Pittsburgh Pirates,PIT,142,64,0.4507042253521127,150,74,0.49333333333333335
2026-08-30,Los Angeles Angels,LAA,151,67,0.44370860927152317,157,96,0.6114649681528662
2026-08-30,Colorado Rockies,COL,153,65,0.42483660130718953,176,109,0.6193181818181818
2026-08-31,Cincinnati Reds,CIN,150,86,0.5733333333333334,169,116,0.6863905325443787
2026-08-31,Kansas City Royals,KC,129,70,0.5426356589147286,151,83,0.5496688741721855
2026-08-31,Houston Astros,HOU,157,85,0.5414012738853503,164,87,0.5304878048780488
2026-08-31,Chicago Cubs,CHC,135,68,0.5037037037037037,145,97,0.6689655172413793
2026-08-31,New York Yankees,NYY,167,87,0.5209580838323353,180,104,0.5777777777777777
2026-08-31,Detroit Tigers,DET,142,75,0.528169014084507,130,83,0.6384615384615384
2026-08-31,Arizona Diamondbacks,AZ,117,66,0.5641025641025641,142,90,0.6338028169014085
2026-08-31,Athletics,ATH,126,68,0.5396825396825397,192,120,0.625
2026-08-31,Toronto Blue Jays,TOR,128,69,0.5390625,156,84,0.5384615384615384
2026-08-31,Texas Rangers,TEX,119,60,0.5042016806722689,133,86,0.6466165413533834
2026-08-31,Philadelphia Phillies,PHI,159,76,0.4779874213836478,119,80,0.6722689075630253
2026-08-31,Los Angeles Dodgers,LAD,138,70,0.5072463768115942,125,76,0.608
2026-08-31,St. Louis Cardinals,STL,114,54,0.47368421052631576,121,66,0.5454545454545454
2026-08-31,New York Mets,NYM,165,82,0.49696969696969695,162,86,0.5308641975308642
2026-08-31,Baltimore Orioles,BAL,143,69,0.4825174825174825,130,68,0.5230769230769231
2026-08-31,Chicago White Sox,CWS,132,63,0.4772727272727273,233,115,0.49356223175965663
2026-08-31,San Diego Padres,SD,109,50,0.45871559633027525,167,92,0.5508982035928144
2026-08-31,Boston Red Sox,BOS,142,71,0.5,133,79,0.5939849624060151
2026-08-31,Minnesota Twins,MIN,155,74,0.4774193548387097,220,129,0.5863636363636363
2026-08-31,Milwaukee Brewers,MIL,103,45,0.4368932038834951,210,111,0.5285714285714286
2026-08-31,Miami Marlins,MIA,131,67,0.5114503816793893,206,124,0.6019417475728155
2026-08-31,Washington Nationals,WSH,107,44,0.411214953271028,176,94,0.5340909090909091
2026-08-31,San Francisco Giants,SF,127,58,0.4566929133858268,151,81,0.5364238410596026
2026-08-31,Atlanta Braves,ATL,111,45,0.40540540540540543,145,91,0.6275862068965518
2026-08-31,Cleveland Guardians,CLE,126,52,0.4126984126984127,160,84,0.525
2026-08-31,Tampa Bay Rays,TB,126,57,0.4523809523809524,153,91,0.5947712418300654
2026-08-31,Pittsburgh Pirates,PIT,142,64,0.4507042253521127,152,75,0.4934210526315789
2026-08-31,Seattle Mariners,SEA,135,57,0.4222222222222222,140,82,0.5857142857142857
2026-08-31,Los Angeles Angels,LAA,152,67,0.4407894736842105,159,97,0.610062893081761
2026-08-31,Colorado Rockies,COL,153,65,0.42483660130718953,177,110,0.6214689265536724
2026-09-01,Kansas City Royals,KC,129,70,0.5426356589147286,151,83,0.5496688741721855
2026-09-01,Houston Astros,HOU,158,85,0.5379746835443038,166,89,0.536144578313253
2026-09-01,Chicago Cubs,CHC,137,70,0.5109489051094891,146,98,0.6712328767123288
2026-09-01,Cincinnati Reds,CIN,152,86,0.5657894736842105,171,118,0.6900584795321637
2026-09-01,Detroit Tigers,DET,143,76,0.5314685314685315,132,84,0.6363636363636364
2026-09-01,New York Yankees,NYY,167,87,0.5209580838323353,180,104,0.5777777777777777
2026-09-01,Arizona Diamondbacks,AZ,119,67,0.5630252100840336,142,90,0.6338028169014085
2026-09-01,Athletics,ATH,127,69,0.5433070866141733,194,120,0.6185567010309279
2026-09-01,Texas Rangers,TEX,119,60,0.5042016806722689,134,87,0.6492537313432836
2026-09-01,Philadelphia Phillies,PHI,161,78,0.484472049689441,120,80,0.6666666666666666
2026-09-01,Toronto Blue Jays,TOR,128,69,0.5390625,156,84,0.5384615384615384
2026-09-01,Los Angeles Dodgers,LAD,138,70,0.5072463768115942,125,76,0.608
2026-09-01,St. Louis Cardinals,STL,114,54,0.47368421052631576,121,66,0.5454545454545454
2026-09-01,New York Mets,NYM,165,82,0.49696969696969695,163,86,0.5276073619631901
2026-09-01,Baltimore Orioles,BAL,147,73,0.4965986394557823,130,68,0.5230769230769231
2026-09-01,Chicago White Sox,CWS,134,65,0.48507462686567165,235,116,0.49361702127659574
2026-09-01,San Diego Padres,SD,112,52,0.4642857142857143,168,92,0.5476190476190477
2026-09-01,Boston Red Sox,BOS,143,71,0.4965034965034965,133,79,0.5939849624060151
2026-09-01,Minnesota Twins,MIN,156,74,0.47435897435897434,220,129,0.5863636363636363
2026-09-01,Milwaukee Brewers,MIL,104,45,0.4326923076923077,210,111,0.5285714285714286
2026-09-01,Miami Marlins,MIA,131,67,0.5114503816793893,208,125,0.6009615384615384
2026-09-01,Atlanta Braves,ATL,111,45,0.40540540540540543,148,92,0.6216216216216216
2026-09-01,San Francisco Giants,SF,128,59,0.4609375,153,83,0.5424836601307189
2026-09-01,Washington Nationals,WSH,109,46,0.42201834862385323,177,94,0.5310734463276836
2026-09-01,Tampa Bay Rays,TB,126,57,0.4523809523809524,153,91,0.5947712418300654
2026-09-01,Cleveland Guardians,CLE,126,52,0.4126984126984127,160,84,0.525
2026-09-01,Pittsburgh Pirates,PIT,142,64,0.4507042253521127,152,75,0.4934210526315789
2026-09-01,Seattle Mariners,SEA,137,57,0.41605839416058393,140,82,0.5857142857142857
2026-09-01,Los Angeles Angels,LAA,153,68,0.4444444444444444,160,98,0.6125
2026-09-01,Colorado Rockies,COL,154,65,0.42207792207792205,178,111,0.6235955056179775
2026-09-02,Kansas City Royals,KC,130,71,0.5461538461538461,151,83,0.5496688741721855
2026-09-02,Cincinnati Reds,CIN,153,87,0.5686274509803921,171,118,0.6900584795321637
2026-09-02,Houston Astros,HOU,160,86,0.5375,168,90,0.5357142857142857
2026-09-02,Chicago Cubs,CHC,139,70,0.5035971223021583,146,98,0.6712328767123288
2026-09-02,Athletics,ATH,128,70,0.546875,196,121,0.6173469387755102
2026-09-02,Detroit Tigers,DET,143,76,0.5314685314685315,133,85,0.6390977443609023
2026-09-02,New York Yankees,NYY,168,87,0.5178571428571429,181,104,0.574585635359116
2026-09-02,Arizona Diamondbacks,AZ,120,67,0.5583333333333333,143,90,0.6293706293706294
2026-09-02,Texas Rangers,TEX,121,62,0.512396694214876,135,88,0.6518518518518519
2026-09-02,Philadelphia Phillies,PHI,162,79,0.4876543209876543,120,80,0.6666666666666666
2026-09-02,Toronto Blue Jays,TOR,128,69,0.5390625,157,84,0.535031847133758
2026-09-02,Los Angeles Dodgers,LAD,139,71,0.5107913669064749,126,76,0.6031746031746031
2026-09-02,St. Louis Cardinals,STL,114,54,0.47368421052631576,122,66,0.5409836065573771
2026-09-02,New York Mets,NYM,166,83,0.5,164,86,0.524390243902439
2026-09-02,Baltimore Orioles,BAL,149,73,0.4899328859060403,130,68,0.5230769230769231
2026-09-02,Chicago White Sox,CWS,135,65,0.48148148148148145,236,116,0.4915254237288136
2026-09-02,San Diego Padres,SD,113,52,0.46017699115044247,168,92,0.5476190476190477
2026-09-02,Boston Red Sox,BOS,144,71,0.4930555555555556,136,81,0.5955882352941176
2026-09-02,Minnesota Twins,MIN,158,76,0.4810126582278481,221,129,0.583710407239819
2026-09-02,Milwaukee Brewers,MIL,105,46,0.4380952380952381,212,113,0.5330188679245284
2026-09-02,Miami Marlins,MIA,131,67,0.5114503816793893,210,127,0.6047619047619047
2026-09-02,San Francisco Giants,SF,128,59,0.4609375,155,84,0.5419354838709678
2026-09-02,Washington Nationals,WSH,110,47,0.42727272727272725,178,94,0.5280898876404494
2026-09-02,Atlanta Braves,ATL,112,45,0.4017857142857143,148,92,0.6216216216216216
2026-09-02,Cleveland Guardians,CLE,126,52,0.4126984126984127,161,84,0.5217391304347826
2026-09-02,Tampa Bay Rays,TB,127,57,0.44881889763779526,154,91,0.5909090909090909
2026-09-02,Seattle Mariners,SEA,139,59,0.4244604316546763,140,82,0.5857142857142857
2026-09-02,Pittsburgh Pirates,PIT,144,64,0.4444444444444444,153,76,0.49673202614379086
2026-09-02,Los Angeles Angels,LAA,153,68,0.4444444444444444,163,100,0.6134969325153374
2026-09-02,Colorado Rockies,COL,155,66,0.4258064516129032,180,113,0.6277777777777778
2026-09-03,Kansas City Royals,KC,130,71,0.5461538461538461,153,85,0.5555555555555556
2026-09-03,Cincinnati Reds,CIN,153,87,0.5686274509803921,172,118,0.686046511627907
2026-09-03,Chicago Cubs,CHC,142,72,0.5070422535211268,148,100,0.6756756756756757
2026-09-03,Houston Astros,HOU,162,86,0.5308641975308642,169,91,0.5384615384615384
2026-09-03,Athletics,ATH,128,70,0.546875,197,122,0.6192893401015228
2026-09-03,New York Yankees,NYY,168,87,0.5178571428571429,182,104,0.5714285714285714
2026-09-03,Detroit Tigers,DET,145,77,0.5310344827586206,135,86,0.6370370370370371
2026-09-03,Arizona Diamondbacks,AZ,120,67,0.5583333333333333,145,91,0.6275862068965518
2026-09-03,Philadelphia Phillies,PHI,162,79,0.4876543209876543,121,81,0.6694214876033058
2026-09-03,Los Angeles Dodgers,LAD,139,71,0.5107913669064749,126,76,0.6031746031746031
2026-09-03,Toronto Blue Jays,TOR,128,69,0.5390625,158,85,0.5379746835443038
2026-09-03,Texas Rangers,TEX,123,62,0.5040650406504065,135,88,0.6518518518518519
2026-09-03,New York Mets,NYM,168,85,0.5059523809523809,165,87,0.5272727272727272
2026-09-03,St. Louis Cardinals,STL,114,54,0.47368421052631576,122,66,0.5409836065573771
2026-09-03,Baltimore Orioles,BAL,151,73,0.48344370860927155,133,70,0.5263157894736842
2026-09-03,Chicago White Sox,CWS,137,67,0.48905109489051096,237,116,0.48945147679324896
2026-09-03,Minnesota Twins,MIN,161,78,0.484472049689441,224,131,0.5848214285714286
2026-09-03,Boston Red Sox,BOS,144,71,0.4930555555555556,138,82,0.5942028985507246
2026-09-03,San Diego Padres,SD,114,52,0.45614035087719296,169,93,0.5502958579881657
2026-09-03,Milwaukee Brewers,MIL,106,47,0.44339622641509435,216,116,0.5370370370370371
2026-09-03,Miami Marlins,MIA,132,67,0.5075757575757576,211,127,0.6018957345971564
2026-09-03,Washington Nationals,WSH,111,48,0.43243243243243246,179,94,0.5251396648044693
2026-09-03,San Francisco Giants,SF,129,59,0.4573643410852713,157,85,0.5414012738853503
2026-09-03,Atlanta Braves,ATL,112,45,0.4017857142857143,149,93,0.6241610738255033
2026-09-03,Cleveland Guardians,CLE,127,53,0.41732283464566927,163,85,0.5214723926380368
2026-09-03,Tampa Bay Rays,TB,129,57,0.4418604651162791,155,92,0.5935483870967742
2026-09-03,Seattle Mariners,SEA,139,59,0.4244604316546763,142,82,0.5774647887323944
2026-09-03,Pittsburgh Pirates,PIT,145,64,0.4413793103448276,154,76,0.4935064935064935
2026-09-03,Los Angeles Angels,LAA,153,68,0.4444444444444444,163,100,0.6134969325153374
2026-09-03,Colorado Rockies,COL,158,66,0.4177215189873418,180,113,0.6277777777777778
2026-09-04,Kansas City Royals,KC,132,72,0.5454545454545454,155,86,0.5548387096774193
2026-09-04,Cincinnati Reds,CIN,153,87,0.5686274509803921,172,118,0.686046511627907
2026-09-04,Chicago Cubs,CHC,142,72,0.5070422535211268,148,100,0.6756756756756757
2026-09-04,Houston Astros,HOU,163,86,0.5276073619631901,171,93,0.543859649122807
2026-09-04,Athletics,ATH,129,71,0.5503875968992248,198,122,0.6161616161616161
2026-09-04,New York Yankees,NYY,168,87,0.5178571428571429,182,104,0.5714285714285714
2026-09-04,Detroit Tigers,DET,145,77,0.5310344827586206,135,86,0.6370370370370371
2026-09-04,Arizona Diamondbacks,AZ,120,67,0.5583333333333333,145,91,0.6275862068965518
2026-09-04,Toronto Blue Jays,TOR,131,72,0.549618320610687,161,87,0.5403726708074534
2026-09-04,Philadelphia Phillies,PHI,162,79,0.4876543209876543,121,81,0.6694214876033058
2026-09-04,Texas Rangers,TEX,123,62,0.5040650406504065,136,88,0.6470588235294118
2026-09-04,New York Mets,NYM,168,85,0.5059523809523809,165,87,0.5272727272727272
2026-09-04,Los Angeles Dodgers,LAD,141,71,0.5035460992907801,127,77,0.6062992125984252
2026-09-04,St. Louis Cardinals,STL,115,54,0.46956521739130436,123,66,0.5365853658536586
2026-09-04,Chicago White Sox,CWS,137,67,0.48905109489051096,238,117,0.49159663865546216
2026-09-04,Baltimore Orioles,BAL,152,73,0.48026315789473684,133,70,0.5263157894736842
2026-09-04,Minnesota Twins,MIN,161,78,0.484472049689441,224,131,0.5848214285714286
2026-09-04,San Diego Padres,SD,114,52,0.45614035087719296,169,93,0.5502958579881657
2026-09-04,Boston Red Sox,BOS,145,71,0.4896551724137931,139,82,0.5899280575539568
2026-09-04,Milwaukee Brewers,MIL,106,47,0.44339622641509435,218,118,0.5412844036697247
2026-09-04,Washington Nationals,WSH,111,48,0.43243243243243246,179,94,0.5251396648044693
2026-09-04,San Francisco Giants,SF,129,59,0.4573643410852713,158,85,0.5379746835443038
2026-09-04,Miami Marlins,MIA,133,67,0.5037593984962406,212,128,0.6037735849056604
2026-09-04,Atlanta Braves,ATL,112,45,0.4017857142857143,149,93,0.6241610738255033
2026-09-04,Cleveland Guardians,CLE,127,53,0.41732283464566927,163,85,0.5214723926380368
2026-09-04,Tampa Bay Rays,TB,131,59,0.45038167938931295,156,93,0.5961538461538461
2026-09-04,Seattle Mariners,SEA,142,60,0.4225352112676056,143,83,0.5804195804195804
2026-09-04,Pittsburgh Pirates,PIT,146,65,0.4452054794520548,156,78,0.5
2026-09-04,Los Angeles Angels,LAA,153,68,0.4444444444444444,163,100,0.6134969325153374
2026-09-04,Colorado Rockies,COL,158,66,0.4177215189873418,180,113,0.6277777777777778
2026-09-05,Kansas City Royals,KC,134,74,0.5522388059701493,155,86,0.5548387096774193
2026-09-05,Cincinnati Reds,CIN,153,87,0.5686274509803921,174,120,0.6896551724137931
2026-09-05,Chicago Cubs,CHC,143,72,0.5034965034965035,150,101,0.6733333333333333
2026-09-05,Houston Astros,HOU,163,86,0.5276073619631901,173,93,0.5375722543352601
2026-09-05,Detroit Tigers,DET,147,79,0.5374149659863946,139,89,0.6402877697841727
2026-09-05,New York Yankees,NYY,169,88,0.5207100591715976,182,104,0.5714285714285714
2026-09-05,Athletics,ATH,130,71,0.5461538461538461,200,124,0.62
2026-09-05,Arizona Diamondbacks,AZ,121,68,0.5619834710743802,146,91,0.6232876712328768
2026-09-05,Toronto Blue Jays,TOR,131,72,0.549618320610687,163,89,0.5460122699386503
2026-09-05,Texas Rangers,TEX,125,64,0.512,136,88,0.6470588235294118
2026-09-05,Philadelphia Phillies,PHI,162,79,0.4876543209876543,123,82,0.6666666666666666
2026-09-05,Los Angeles Dodgers,LAD,141,71,0.5035460992907801,129,78,0.6046511627906976
2026-09-05,New York Mets,NYM,170,86,0.5058823529411764,166,88,0.5301204819277109
2026-09-05,St. Louis Cardinals,STL,115,54,0.46956521739130436,125,67,0.536
2026-09-05,Chicago White Sox,CWS,138,68,0.4927536231884058,239,118,0.49372384937238495
2026-09-05,Baltimore Orioles,BAL,152,73,0.48026315789473684,135,71,0.5259259259259259
2026-09-05,Minnesota Twins,MIN,161,78,0.484472049689441,225,131,0.5822222222222222
2026-09-05,San Diego Padres,SD,115,52,0.45217391304347826,170,94,0.5529411764705883
2026-09-05,Milwaukee Brewers,MIL,108,48,0.4444444444444444,220,120,0.5454545454545454
2026-09-05,Boston Red Sox,BOS,147,71,0.48299319727891155,139,82,0.5899280575539568
2026-09-05,Washington Nationals,WSH,112,48,0.42857142857142855,181,96,0.5303867403314917
2026-09-05,San Francisco Giants,SF,131,60,0.4580152671755725,158,85,0.5379746835443038
2026-09-05,Atlanta Braves,ATL,112,45,0.4017857142857143,150,94,0.6266666666666667
2026-09-05,Miami Marlins,MIA,134,67,0.5,214,129,0.602803738317757
2026-09-05,Cleveland Guardians,CLE,132,56,0.42424242424242425,167,89,0.5329341317365269
2026-09-05,Tampa Bay Rays,TB,132,59,0.44696969696969696,158,95,0.6012658227848101
2026-09-05,Seattle Mariners,SEA,143,60,0.4195804195804196,144,83,0.5763888888888888
2026-09-05,Pittsburgh Pirates,PIT,147,65,0.4421768707482993,158,79,0.5
2026-09-05,Los Angeles Angels,LAA,155,69,0.44516129032258067,166,102,0.6144578313253012
2026-09-05,Colorado Rockies,COL,160,68,0.425,182,114,0.6263736263736264
2026-09-06,Kansas City Royals,KC,135,74,0.5481481481481482,155,86,0.5548387096774193
2026-09-06,Cincinnati Reds,CIN,153,87,0.5686274509803921,177,122,0.6892655367231638
2026-09-06,Chicago Cubs,CHC,143,72,0.5034965034965035,151,101,0.6688741721854304
2026-09-06,Houston Astros,HOU,164,86,0.524390243902439,174,94,0.5402298850574713
2026-09-06,New York Yankees,NYY,170,89,0.5235294117647059,184,105,0.5706521739130435
2026-09-06,Athletics,ATH,130,71,0.5461538461538461,204,128,0.6274509803921569
2026-09-06,Detroit Tigers,DET,149,79,0.5302013422818792,139,89,0.6402877697841727
2026-09-06,Arizona Diamondbacks,AZ,123,70,0.5691056910569106,147,91,0.6190476190476191
2026-09-06,Toronto Blue Jays,TOR,132,72,0.5454545454545454,164,89,0.5426829268292683
2026-09-06,Texas Rangers,TEX,125,64,0.512,136,88,0.6470588235294118
2026-09-06,Philadelphia Phillies,PHI,163,79,0.48466257668711654,125,83,0.664
2026-09-06,New York Mets,NYM,173,88,0.5086705202312138,166,88,0.5301204819277109
2026-09-06,Los Angeles Dodgers,LAD,141,71,0.5035460992907801,130,78,0.6
2026-09-06,St. Louis Cardinals,STL,115,54,0.46956521739130436,126,67,0.5317460317460317
2026-09-06,Chicago White Sox,CWS,138,68,0.4927536231884058,239,118,0.49372384937238495
2026-09-06,Minnesota Twins,MIN,162,79,0.4876543209876543,228,132,0.5789473684210527
2026-09-06,Baltimore Orioles,BAL,153,73,0.477124183006536,136,71,0.5220588235294118
2026-09-06,San Diego Padres,SD,116,53,0.45689655172413796,171,95,0.5555555555555556
2026-09-06,Milwaukee Brewers,MIL,109,49,0.44954128440366975,222,121,0.545045045045045
2026-09-06,Boston Red Sox,BOS,149,73,0.4899328859060403,139,82,0.5899280575539568
2026-09-06,Washington Nationals,WSH,115,50,0.43478260869565216,184,99,0.5380434782608695
2026-09-06,San Francisco Giants,SF,132,60,0.45454545454545453,158,85,0.5379746835443038
2026-09-06,Atlanta Braves,ATL,113,45,0.39823008849557523,151,94,0.6225165562913907
2026-09-06,Miami Marlins,MIA,136,68,0.5,216,131,0.6064814814814815
2026-09-06,Tampa Bay Rays,TB,134,61,0.4552238805970149,159,95,0.5974842767295597
2026-09-06,Cleveland Guardians,CLE,132,56,0.42424242424242425,167,89,0.5329341317365269
2026-09-06,Seattle Mariners,SEA,143,60,0.4195804195804196,145,83,0.5724137931034483
2026-09-06,Pittsburgh Pirates,PIT,148,65,0.4391891891891892,161,81,0.5031055900621118
2026-09-06,Los Angeles Angels,LAA,155,69,0.44516129032258067,168,102,0.6071428571428571
2026-09-06,Colorado Rockies,COL,161,68,0.422360248447205,185,117,0.6324324324324324
2026-09-07,Kansas City Royals,KC,136,74,0.5441176470588235,156,87,0.5576923076923077
2026-09-07,Chicago Cubs,CHC,145,73,0.503448275862069,153,103,0.673202614379085
2026-09-07,Cincinnati Reds,CIN,154,87,0.564935064935065,178,122,0.6853932584269663
2026-09-07,Houston Astros,HOU,164,86,0.524390243902439,176,94,0.5340909090909091
2026-09-07,New York Yankees,NYY,174,91,0.5229885057471264,185,106,0.572972972972973
2026-09-07,Detroit Tigers,DET,150,80,0.5333333333333333,140,90,0.6428571428571429
2026-09-07,Athletics,ATH,131,71,0.5419847328244275,204,128,0.6274509803921569
2026-09-07,Arizona Diamondbacks,AZ,125,71,0.568,149,93,0.6241610738255033
2026-09-07,Toronto Blue Jays,TOR,135,75,0.5555555555555556,165,89,0.5393939393939394
2026-09-07,Texas Rangers,TEX,126,64,0.5079365079365079,138,90,0.6521739130434783
2026-09-07,Philadelphia Phillies,PHI,164,79,0.4817073170731707,126,83,0.6587301587301587
2026-09-07,St. Louis Cardinals,STL,116,55,0.47413793103448276,127,68,0.5354330708661418
2026-09-07,Los Angeles Dodgers,LAD,142,72,0.5070422535211268,131,79,0.6030534351145038
2026-09-07,New York Mets,NYM,174,88,0.5057471264367817,166,88,0.5301204819277109
2026-09-07,Chicago White Sox,CWS,138,68,0.4927536231884058,241,119,0.49377593360995853
2026-09-07,Minnesota Twins,MIN,162,79,0.4876543209876543,231,134,0.5800865800865801
2026-09-07,San Diego Padres,SD,116,53,0.45689655172413796,174,97,0.5574712643678161
2026-09-07,Baltimore Orioles,BAL,154,73,0.474025974025974,138,73,0.5289855072463768
2026-09-07,Boston Red Sox,BOS,150,73,0.4866666666666667,140,82,0.5857142857142857
2026-09-07,Milwaukee Brewers,MIL,110,49,0.44545454545454544,223,121,0.5426008968609866
2026-09-07,Washington Nationals,WSH,117,51,0.4358974358974359,185,99,0.5351351351351351
2026-09-07,San Francisco Giants,SF,134,62,0.4626865671641791,159,85,0.5345911949685535
2026-09-07,Atlanta Braves,ATL,113,45,0.39823008849557523,152,94,0.618421052631579
2026-09-07,Miami Marlins,MIA,137,68,0.49635036496350365,217,131,0.6036866359447005
2026-09-07,Cleveland Guardians,CLE,132,56,0.42424242424242425,170,91,0.5352941176470588
2026-09-07,Tampa Bay Rays,TB,137,62,0.45255474452554745,160,96,0.6
2026-09-07,Seattle Mariners,SEA,144,60,0.4166666666666667,147,85,0.5782312925170068
2026-09-07,Pittsburgh Pirates,PIT,148,65,0.4391891891891892,162,81,0.5
2026-09-07,Los Angeles Angels,LAA,156,69,0.4423076923076923,168,102,0.6071428571428571
2026-09-07,Colorado Rockies,COL,162,68,0.41975308641975306,187,118,0.6310160427807486
2026-09-08,Kansas City Royals,KC,138,75,0.5434782608695652,158,88,0.5569620253164557
2026-09-08,Cincinnati Reds,CIN,155,88,0.567741935483871,179,123,0.6871508379888268
2026-09-08,Chicago Cubs,CHC,145,73,0.503448275862069,157,106,0.6751592356687898
2026-09-08,Houston Astros,HOU,164,86,0.524390243902439,176,94,0.5340909090909091
2026-09-08,Athletics,ATH,132,72,0.5454545454545454,205,128,0.624390243902439
2026-09-08,New York Yankees,NYY,174,91,0.5229885057471264,185,106,0.572972972972973
2026-09-08,Detroit Tigers,DET,150,80,0.5333333333333333,141,91,0.6453900709219859
2026-09-08,Arizona Diamondbacks,AZ,127,72,0.5669291338582677,150,94,0.6266666666666667
2026-09-08,Toronto Blue Jays,TOR,136,75,0.5514705882352942,166,89,0.536144578313253
2026-09-08,Texas Rangers,TEX,126,64,0.5079365079365079,138,90,0.6521739130434783
2026-09-08,Philadelphia Phillies,PHI,166,80,0.4819277108433735,128,85,0.6640625
2026-09-08,Los Angeles Dodgers,LAD,143,73,0.5104895104895105,133,80,0.6015037593984962
2026-09-08,St. Louis Cardinals,STL,119,56,0.47058823529411764,128,69,0.5390625
2026-09-08,New York Mets,NYM,176,89,0.5056818181818182,167,88,0.5269461077844312
2026-09-08,Chicago White Sox,CWS,138,68,0.4927536231884058,241,119,0.49377593360995853
2026-09-08,Minnesota Twins,MIN,163,80,0.49079754601226994,234,136,0.5811965811965812
2026-09-08,San Diego Padres,SD,118,54,0.4576271186440678,175,97,0.5542857142857143
2026-09-08,Milwaukee Brewers,MIL,110,49,0.44545454545454544,226,122,0.5398230088495575
2026-09-08,Boston Red Sox,BOS,152,74,0.4868421052631579,140,82,0.5857142857142857
2026-09-08,Baltimore Orioles,BAL,156,73,0.46794871794871795,138,73,0.5289855072463768
2026-09-08,San Francisco Giants,SF,136,64,0.47058823529411764,161,86,0.5341614906832298
2026-09-08,Washington Nationals,WSH,118,51,0.4322033898305085,186,99,0.532258064516129
2026-09-08,Atlanta Braves,ATL,113,45,0.39823008849557523,152,94,0.618421052631579
2026-09-08,Miami Marlins,MIA,139,69,0.49640287769784175,217,131,0.6036866359447005
2026-09-08,Cleveland Guardians,CLE,133,57,0.42857142857142855,171,91,0.5321637426900585
2026-09-08,Tampa Bay Rays,TB,137,62,0.45255474452554745,160,96,0.6
2026-09-08,Seattle Mariners,SEA,144,60,0.4166666666666667,147,85,0.5782312925170068
2026-09-08,Pittsburgh Pirates,PIT,148,65,0.4391891891891892,162,81,0.5
2026-09-08,Los Angeles Angels,LAA,157,69,0.4394904458598726,169,102,0.6035502958579881
2026-09-08,Colorado Rockies,COL,162,68,0.41975308641975306,187,118,0.6310160427807486
2026-09-09,Kansas City Royals,KC,138,75,0.5434782608695652,159,88,0.5534591194968553
2026-09-09,Cincinnati Reds,CIN,155,88,0.567741935483871,181,124,0.6850828729281768
2026-09-09,Chicago Cubs,CHC,147,74,0.5034013605442177,158,107,0.6772151898734177
2026-09-09,Athletics,ATH,133,73,0.5488721804511278,206,129,0.6262135922330098
2026-09-09,Detroit Tigers,DET,150,80,0.5333333333333333,142,91,0.6408450704225352
2026-09-09,New York Yankees,NYY,175,91,0.52,185,106,0.572972972972973
2026-09-09,Houston Astros,HOU,166,86,0.5180722891566265,176,94,0.5340909090909091
2026-09-09,Arizona Diamondbacks,AZ,128,73,0.5703125,150,94,0.6266666666666667
2026-09-09,Toronto Blue Jays,TOR,139,76,0.5467625899280576,166,89,0.536144578313253
2026-09-09,Los Angeles Dodgers,LAD,146,75,0.5136986301369864,134,81,0.6044776119402985
2026-09-09,Texas Rangers,TEX,127,64,0.5039370078740157,138,90,0.6521739130434783
2026-09-09,Philadelphia Phillies,PHI,168,80,0.47619047619047616,129,86,0.6666666666666666
2026-09-09,New York Mets,NYM,176,89,0.5056818181818182,168,89,0.5297619047619048
2026-09-09,St. Louis Cardinals,STL,120,56,0.4666666666666667,130,70,0.5384615384615384
2026-09-09,Chicago White Sox,CWS,138,68,0.4927536231884058,245,122,0.49795918367346936
2026-09-09,Minnesota Twins,MIN,165,82,0.49696969696969695,236,136,0.576271186440678
2026-09-09,San Diego Padres,SD,120,55,0.4583333333333333,175,97,0.5542857142857143
2026-09-09,Boston Red Sox,BOS,153,75,0.49019607843137253,141,83,0.5886524822695035
2026-09-09,Baltimore Orioles,BAL,157,73,0.46496815286624205,139,74,0.5323741007194245
2026-09-09,Milwaukee Brewers,MIL,111,49,0.44144144144144143,229,123,0.537117903930131
2026-09-09,Washington Nationals,WSH,120,53,0.44166666666666665,187,100,0.5347593582887701
2026-09-09,San Francisco Giants,SF,136,64,0.47058823529411764,162,87,0.5370370370370371
2026-09-09,Atlanta Braves,ATL,114,46,0.40350877192982454,154,96,0.6233766233766234
2026-09-09,Miami Marlins,MIA,143,72,0.5034965034965035,218,132,0.6055045871559633
2026-09-09,Cleveland Guardians,CLE,133,57,0.42857142857142855,173,91,0.5260115606936416
2026-09-09,Tampa Bay Rays,TB,139,64,0.460431654676259,161,97,0.6024844720496895
2026-09-09,Seattle Mariners,SEA,144,60,0.4166666666666667,150,87,0.58
2026-09-09,Pittsburgh Pirates,PIT,148,65,0.4391891891891892,164,82,0.5
2026-09-09,Los Angeles Angels,LAA,159,71,0.44654088050314467,170,103,0.6058823529411764
2026-09-09,Colorado Rockies,COL,164,68,0.4146341463414634,188,119,0.6329787234042553
2026-09-10,Kansas City Royals,KC,140,76,0.5428571428571428,160,89,0.55625
2026-09-10,Cincinnati Reds,CIN,155,88,0.567741935483871,183,126,0.6885245901639344
2026-09-10,Chicago Cubs,CHC,148,74,0.5,159,107,0.6729559748427673
2026-09-10,Athletics,ATH,133,73,0.5488721804511278,206,129,0.6262135922330098
2026-09-10,Detroit Tigers,DET,152,81,0.5328947368421053,142,91,0.6408450704225352
2026-09-10,New York Yankees,NYY,175,91,0.52,186,107,0.5752688172043011
2026-09-10,Arizona Diamondbacks,AZ,128,73,0.5703125,151,94,0.6225165562913907
2026-09-10,Houston Astros,HOU,166,86,0.5180722891566265,178,95,0.5337078651685393
2026-09-10,Toronto Blue Jays,TOR,140,77,0.55,168,91,0.5416666666666666
2026-09-10,Los Angeles Dodgers,LAD,146,75,0.5136986301369864,135,82,0.6074074074074074
2026-09-10,Texas Rangers,TEX,128,64,0.5,139,90,0.6474820143884892
2026-09-10,Philadelphia Phillies,PHI,169,80,0.47337278106508873,130,87,0.6692307692307692
2026-09-10,New York Mets,NYM,177,89,0.5028248587570622,170,90,0.5294117647058824
2026-09-10,St. Louis Cardinals,STL,121,56,0.4628099173553719,131,71,0.5419847328244275
2026-09-10,Chicago White Sox,CWS,139,68,0.4892086330935252,246,122,0.4959349593495935
2026-09-10,Minnesota Twins,MIN,166,83,0.5,238,137,0.5756302521008403
2026-09-10,Boston Red Sox,BOS,156,77,0.4935897435897436,142,84,0.5915492957746479
2026-09-10,San Diego Padres,SD,121,55,0.45454545454545453,177,98,0.5536723163841808
2026-09-10,Baltimore Orioles,BAL,157,73,0.46496815286624205,139,74,0.5323741007194245
2026-09-10,Milwaukee Brewers,MIL,111,49,0.44144144144144143,231,124,0.5367965367965368
2026-09-10,Washington Nationals,WSH,120,53,0.44166666666666665,187,100,0.5347593582887701
2026-09-10,San Francisco Giants,SF,136,64,0.47058823529411764,163,88,0.5398773006134969
2026-09-10,Atlanta Braves,ATL,114,46,0.40350877192982454,156,96,0.6153846153846154
2026-09-10,Miami Marlins,MIA,143,72,0.5034965034965035,219,132,0.6027397260273972
2026-09-10,Cleveland Guardians,CLE,135,58,0.42962962962962964,173,91,0.5260115606936416
2026-09-10,Tampa Bay Rays,TB,139,64,0.460431654676259,165,100,0.6060606060606061
2026-09-10,Pittsburgh Pirates,PIT,149,66,0.4429530201342282,166,82,0.4939759036144578
2026-09-10,Seattle Mariners,SEA,146,61,0.4178082191780822,150,87,0.58
2026-09-10,Los Angeles Angels,LAA,160,72,0.45,171,103,0.6023391812865497
2026-09-10,Colorado Rockies,COL,165,68,0.4121212121212121,189,120,0.6349206349206349
2026-09-11,Kansas City Royals,KC,140,76,0.5428571428571428,160,89,0.55625
2026-09-11,Cincinnati Reds,CIN,155,88,0.567741935483871,183,126,0.6885245901639344
2026-09-11,Chicago Cubs,CHC,148,74,0.5,159,107,0.6729559748427673
2026-09-11,Athletics,ATH,133,73,0.5488721804511278,206,129,0.6262135922330098
2026-09-11,Detroit Tigers,DET,152,81,0.5328947368421053,142,91,0.6408450704225352
2026-09-11,Arizona Diamondbacks,AZ,128,73,0.5703125,151,94,0.6225165562913907
2026-09-11,New York Yankees,NYY,176,91,0.5170454545454546,188,109,0.5797872340425532
2026-09-11,Houston Astros,HOU,170,88,0.5176470588235295,179,96,0.5363128491620112
2026-09-11,Toronto Blue Jays,TOR,140,77,0.55,168,91,0.5416666666666666
2026-09-11,Los Angeles Dodgers,LAD,146,75,0.5136986301369864,135,82,0.6074074074074074
2026-09-11,Texas Rangers,TEX,128,64,0.5,140,91,0.65
2026-09-11,New York Mets,NYM,177,89,0.5028248587570622,170,90,0.5294117647058824
2026-09-11,Philadelphia Phillies,PHI,170,80,0.47058823529411764,130,87,0.6692307692307692
2026-09-11,St. Louis Cardinals,STL,121,56,0.4628099173553719,131,71,0.5419847328244275
2026-09-11,Minnesota Twins,MIN,166,83,0.5,238,137,0.5756302521008403
2026-09-11,Chicago White Sox,CWS,141,68,0.48226950354609927,246,122,0.4959349593495935
2026-09-11,Boston Red Sox,BOS,156,77,0.4935897435897436,142,84,0.5915492957746479
2026-09-11,San Diego Padres,SD,121,55,0.45454545454545453,177,98,0.5536723163841808
2026-09-11,Baltimore Orioles,BAL,157,73,0.46496815286624205,139,74,0.5323741007194245
2026-09-11,Milwaukee Brewers,MIL,111,49,0.44144144144144143,231,124,0.5367965367965368
2026-09-11,Washington Nationals,WSH,120,53,0.44166666666666665,187,100,0.5347593582887701
2026-09-11,San Francisco Giants,SF,136,64,0.47058823529411764,163,88,0.5398773006134969
2026-09-11,Atlanta Braves,ATL,114,46,0.40350877192982454,157,96,0.6114649681528662
2026-09-11,Miami Marlins,MIA,143,72,0.5034965034965035,219,132,0.6027397260273972
2026-09-11,Cleveland Guardians,CLE,135,58,0.42962962962962964,173,91,0.5260115606936416
2026-09-11,Tampa Bay Rays,TB,140,64,0.45714285714285713,167,102,0.6107784431137725
2026-09-11,Pittsburgh Pirates,PIT,149,66,0.4429530201342282,166,82,0.4939759036144578
2026-09-11,Seattle Mariners,SEA,148,62,0.4189189189189189,151,88,0.5827814569536424
2026-09-11,Los Angeles Angels,LAA,160,72,0.45,171,103,0.6023391812865497
2026-09-11,Colorado Rockies,COL,166,68,0.40963855421686746,191,122,0.6387434554973822
2026-09-12,Kansas City Royals,KC,140,76,0.5428571428571428,161,90,0.5590062111801242
2026-09-12,Chicago Cubs,CHC,148,74,0.5,160,107,0.66875
2026-09-12,Cincinnati Reds,CIN,156,88,0.5641025641025641,184,126,0.6847826086956522
2026-09-12,Athletics,ATH,135,74,0.5481481481481482,207,130,0.6280193236714976
2026-09-12,Detroit Tigers,DET,154,82,0.5324675324675324,142,91,0.6408450704225352
2026-09-12,Arizona Diamondbacks,AZ,129,74,0.5736434108527132,151,94,0.6225165562913907
2026-09-12,Houston Astros,HOU,171,89,0.52046783625731,180,96,0.5333333333333333
2026-09-12,New York Yankees,NYY,177,92,0.519774011299435,190,110,0.5789473684210527
2026-09-12,Toronto Blue Jays,TOR,142,78,0.5492957746478874,169,92,0.5443786982248521
2026-09-12,Los Angeles Dodgers,LAD,146,75,0.5136986301369864,137,83,0.6058394160583942
2026-09-12,Texas Rangers,TEX,129,65,0.5038759689922481,140,91,0.65
2026-09-12,New York Mets,NYM,178,90,0.5056179775280899,171,91,0.5321637426900585
2026-09-12,St. Louis Cardinals,STL,121,56,0.4628099173553719,133,71,0.5338345864661654
2026-09-12,Philadelphia Phillies,PHI,170,80,0.47058823529411764,131,88,0.6717557251908397
2026-09-12,Chicago White Sox,CWS,141,68,0.48226950354609927,247,122,0.4939271255060729
2026-09-12,Minnesota Twins,MIN,168,83,0.49404761904761907,239,138,0.5774058577405857
2026-09-12,Boston Red Sox,BOS,157,77,0.49044585987261147,143,85,0.5944055944055944
2026-09-12,San Diego Padres,SD,122,55,0.45081967213114754,180,100,0.5555555555555556
2026-09-12,Baltimore Orioles,BAL,157,73,0.46496815286624205,143,76,0.5314685314685315
2026-09-12,Washington Nationals,WSH,121,54,0.4462809917355372,187,100,0.5347593582887701
2026-09-12,Milwaukee Brewers,MIL,111,49,0.44144144144144143,231,124,0.5367965367965368
2026-09-12,Atlanta Braves,ATL,114,46,0.40350877192982454,158,96,0.6075949367088608
2026-09-12,San Francisco Giants,SF,137,64,0.46715328467153283,164,88,0.5365853658536586
2026-09-12,Miami Marlins,MIA,144,73,0.5069444444444444,221,133,0.6018099547511312
2026-09-12,Cleveland Guardians,CLE,136,58,0.4264705882352941,173,91,0.5260115606936416
2026-09-12,Tampa Bay Rays,TB,141,65,0.46099290780141844,169,103,0.6094674556213018
2026-09-12,Pittsburgh Pirates,PIT,149,66,0.4429530201342282,169,85,0.5029585798816568
2026-09-12,Seattle Mariners,SEA,149,62,0.4161073825503356,152,88,0.5789473684210527
2026-09-12,Los Angeles Angels,LAA,160,72,0.45,172,104,0.6046511627906976
2026-09-12,Colorado Rockies,COL,168,70,0.4166666666666667,191,122,0.6387434554973822
2026-09-13,Kansas City Royals,KC,141,77,0.5460992907801419,161,90,0.5590062111801242
2026-09-13,Athletics,ATH,136,75,0.5514705882352942,209,132,0.631578947368421
2026-09-13,Cincinnati Reds,CIN,156,88,0.5641025641025641,185,126,0.6810810810810811
2026-09-13,Chicago Cubs,CHC,149,74,0.4966442953020134,162,109,0.6728395061728395
2026-09-13,Detroit Tigers,DET,155,82,0.5290322580645161,145,93,0.6413793103448275
2026-09-13,New York Yankees,NYY,177,92,0.519774011299435,192,112,0.5833333333333334
2026-09-13,Arizona Diamondbacks,AZ,130,74,0.5692307692307692,151,94,0.6225165562913907
2026-09-13,Houston Astros,HOU,173,89,0.5144508670520231,180,96,0.5333333333333333
2026-09-13,Toronto Blue Jays,TOR,143,78,0.5454545454545454,170,93,0.5470588235294118
2026-09-13,Los Angeles Dodgers,LAD,146,75,0.5136986301369864,139,84,0.60431654676259
2026-09-13,Texas Rangers,TEX,131,65,0.4961832061068702,140,91,0.65
2026-09-13,New York Mets,NYM,179,91,0.5083798882681564,172,92,0.5348837209302325
2026-09-13,Philadelphia Phillies,PHI,172,81,0.47093023255813954,132,89,0.6742424242424242
2026-09-13,St. Louis Cardinals,STL,123,57,0.4634146341463415,137,74,0.5401459854014599
2026-09-13,Minnesota Twins,MIN,169,84,0.4970414201183432,241,138,0.5726141078838174
2026-09-13,Chicago White Sox,CWS,142,68,0.4788732394366197,248,122,0.49193548387096775
2026-09-13,San Diego Padres,SD,123,56,0.45528455284552843,182,101,0.554945054945055
2026-09-13,Boston Red Sox,BOS,157,77,0.49044585987261147,145,86,0.593103448275862
2026-09-13,Baltimore Orioles,BAL,158,74,0.46835443037974683,145,77,0.5310344827586206
2026-09-13,Milwaukee Brewers,MIL,111,49,0.44144144144144143,232,125,0.5387931034482759
2026-09-13,Washington Nationals,WSH,122,54,0.4426229508196721,190,101,0.531578947368421
2026-09-13,Atlanta Braves,ATL,115,47,0.40869565217391307,161,98,0.6086956521739131
2026-09-13,San Francisco Giants,SF,137,64,0.46715328467153283,166,89,0.536144578313253
2026-09-13,Miami Marlins,MIA,144,73,0.5069444444444444,222,133,0.5990990990990991
2026-09-13,Cleveland Guardians,CLE,137,58,0.4233576642335766,176,93,0.5284090909090909
2026-09-13,Tampa Bay Rays,TB,141,65,0.46099290780141844,170,104,0.611764705882353
2026-09-13,Pittsburgh Pirates,PIT,150,66,0.44,170,85,0.5
2026-09-13,Los Angeles Angels,LAA,160,72,0.45,172,104,0.6046511627906976
2026-09-13,Seattle Mariners,SEA,149,62,0.4161073825503356,153,89,0.5816993464052288
2026-09-13,Colorado Rockies,COL,169,70,0.41420118343195267,192,122,0.6354166666666666
2026-09-14,Kansas City Royals,KC,142,78,0.5492957746478874,161,90,0.5590062111801242
2026-09-14,Athletics,ATH,137,76,0.5547445255474452,210,133,0.6333333333333333
2026-09-14,Chicago Cubs,CHC,151,76,0.5033112582781457,163,109,0.6687116564417178
2026-09-14,Cincinnati Reds,CIN,158,89,0.5632911392405063,185,126,0.6810810810810811
2026-09-14,Detroit Tigers,DET,157,83,0.5286624203821656,146,94,0.6438356164383562
2026-09-14,New York Yankees,NYY,179,93,0.5195530726256983,192,112,0.5833333333333334
2026-09-14,Houston Astros,HOU,175,90,0.5142857142857142,182,97,0.532967032967033
2026-09-14,Arizona Diamondbacks,AZ,132,75,0.5681818181818182,152,95,0.625
2026-09-14,Toronto Blue Jays,TOR,143,78,0.5454545454545454,173,96,0.5549132947976878
2026-09-14,Los Angeles Dodgers,LAD,148,76,0.5135135135135135,140,84,0.6
2026-09-14,Texas Rangers,TEX,133,67,0.5037593984962406,141,91,0.6453900709219859
2026-09-14,New York Mets,NYM,179,91,0.5083798882681564,173,92,0.5317919075144508
2026-09-14,Philadelphia Phillies,PHI,172,81,0.47093023255813954,133,90,0.6766917293233082
2026-09-14,St. Louis Cardinals,STL,124,57,0.4596774193548387,138,74,0.5362318840579711
2026-09-14,Chicago White Sox,CWS,145,70,0.4827586206896552,249,123,0.4939759036144578
2026-09-14,Minnesota Twins,MIN,170,84,0.49411764705882355,243,139,0.5720164609053497
2026-09-14,San Diego Padres,SD,123,56,0.45528455284552843,184,102,0.5543478260869565
2026-09-14,Boston Red Sox,BOS,158,77,0.4873417721518987,146,87,0.5958904109589042
2026-09-14,Baltimore Orioles,BAL,158,74,0.46835443037974683,147,78,0.5306122448979592
2026-09-14,Atlanta Braves,ATL,115,47,0.40869565217391307,162,99,0.6111111111111112
2026-09-14,Milwaukee Brewers,MIL,111,49,0.44144144144144143,234,125,0.5341880341880342
2026-09-14,San Francisco Giants,SF,138,64,0.463768115942029,166,89,0.536144578313253
2026-09-14,Washington Nationals,WSH,123,54,0.43902439024390244,191,101,0.5287958115183246
2026-09-14,Miami Marlins,MIA,145,74,0.5103448275862069,226,137,0.6061946902654868
2026-09-14,Cleveland Guardians,CLE,138,59,0.427536231884058,178,95,0.5337078651685393
2026-09-14,Tampa Bay Rays,TB,141,65,0.46099290780141844,172,104,0.6046511627906976
2026-09-14,Pittsburgh Pirates,PIT,150,66,0.44,174,88,0.5057471264367817
2026-09-14,Los Angeles Angels,LAA,160,72,0.45,178,108,0.6067415730337079
2026-09-14,Seattle Mariners,SEA,151,63,0.41721854304635764,155,90,0.5806451612903226
2026-09-14,Colorado Rockies,COL,170,70,0.4117647058823529,194,124,0.6391752577319587
2026-09-15,Kansas City Royals,KC,142,78,0.5492957746478874,161,90,0.5590062111801242
2026-09-15,Athletics,ATH,137,76,0.5547445255474452,210,133,0.6333333333333333
2026-09-15,Chicago Cubs,CHC,151,76,0.5033112582781457,166,111,0.6686746987951807
2026-09-15,Cincinnati Reds,CIN,159,89,0.559748427672956,186,126,0.6774193548387096
2026-09-15,Detroit Tigers,DET,158,83,0.5253164556962026,148,95,0.6418918918918919
2026-09-15,Houston Astros,HOU,175,90,0.5142857142857142,182,97,0.532967032967033
2026-09-15,New York Yankees,NYY,180,93,0.5166666666666667,196,115,0.5867346938775511
2026-09-15,Arizona Diamondbacks,AZ,132,75,0.5681818181818182,153,96,0.6274509803921569
2026-09-15,Toronto Blue Jays,TOR,145,80,0.5517241379310345,174,97,0.5574712643678161
2026-09-15,Los Angeles Dodgers,LAD,149,77,0.5167785234899329,140,84,0.6
2026-09-15,New York Mets,NYM,181,93,0.5138121546961326,175,94,0.5371428571428571
2026-09-15,Texas Rangers,TEX,133,67,0.5037593984962406,141,91,0.6453900709219859
2026-09-15,Philadelphia Phillies,PHI,172,81,0.47093023255813954,133,90,0.6766917293233082
2026-09-15,St. Louis Cardinals,STL,125,57,0.456,139,74,0.5323741007194245
2026-09-15,Chicago White Sox,CWS,145,70,0.4827586206896552,252,125,0.49603174603174605
2026-09-15,Minnesota Twins,MIN,171,85,0.49707602339181284,243,139,0.5720164609053497
2026-09-15,San Diego Padres,SD,124,57,0.4596774193548387,185,102,0.5513513513513514
2026-09-15,San Francisco Giants,SF,140,66,0.4714285714285714,168,91,0.5416666666666666
2026-09-15,Boston Red Sox,BOS,158,77,0.4873417721518987,146,87,0.5958904109589042
2026-09-15,Atlanta Braves,ATL,115,47,0.40869565217391307,166,102,0.6144578313253012
2026-09-15,Baltimore Orioles,BAL,158,74,0.46835443037974683,148,78,0.527027027027027
2026-09-15,Milwaukee Brewers,MIL,111,49,0.44144144144144143,234,125,0.5341880341880342
2026-09-15,Washington Nationals,WSH,123,54,0.43902439024390244,191,101,0.5287958115183246
2026-09-15,Miami Marlins,MIA,146,74,0.5068493150684932,228,138,0.6052631578947368
2026-09-15,Cleveland Guardians,CLE,138,59,0.427536231884058,182,97,0.532967032967033
2026-09-15,Tampa Bay Rays,TB,141,65,0.46099290780141844,172,104,0.6046511627906976
2026-09-15,Los Angeles Angels,LAA,161,73,0.453416149068323,178,108,0.6067415730337079
2026-09-15,Pittsburgh Pirates,PIT,150,66,0.44,174,88,0.5057471264367817
2026-09-15,Seattle Mariners,SEA,152,63,0.4144736842105263,156,91,0.5833333333333334
2026-09-15,Colorado Rockies,COL,170,70,0.4117647058823529,195,125,0.6410256410256411
2026-09-16,Kansas City Royals,KC,144,80,0.5555555555555556,161,90,0.5590062111801242
2026-09-16,Athletics,ATH,138,77,0.5579710144927537,210,133,0.6333333333333333
2026-09-16,Chicago Cubs,CHC,152,76,0.5,166,111,0.6686746987951807
2026-09-16,Cincinnati Reds,CIN,160,89,0.55625,187,126,0.6737967914438503
2026-09-16,Detroit Tigers,DET,159,84,0.5283018867924528,148,95,0.6418918918918919
2026-09-16,New York Yankees,NYY,180,93,0.5166666666666667,196,115,0.5867346938775511
2026-09-16,Arizona Diamondbacks,AZ,134,76,0.5671641791044776,153,96,0.6274509803921569
2026-09-16,Houston Astros,HOU,175,90,0.5142857142857142,184,98,0.532608695652174
2026-09-16,Toronto Blue Jays,TOR,146,81,0.5547945205479452,176,98,0.5568181818181818
2026-09-16,Los Angeles Dodgers,LAD,149,77,0.5167785234899329,141,84,0.5957446808510638
2026-09-16,Texas Rangers,TEX,133,67,0.5037593984962406,142,91,0.6408450704225352
2026-09-16,New York Mets,NYM,182,93,0.510989010989011,177,94,0.5310734463276836
2026-09-16,Philadelphia Phillies,PHI,173,82,0.47398843930635837,134,91,0.6791044776119403
2026-09-16,St. Louis Cardinals,STL,125,57,0.456,142,76,0.5352112676056338
2026-09-16,Chicago White Sox,CWS,149,73,0.4899328859060403,255,127,0.4980392156862745
2026-09-16,Minnesota Twins,MIN,172,86,0.5,247,141,0.5708502024291497
2026-09-16,San Diego Padres,SD,124,57,0.4596774193548387,186,102,0.5483870967741935
2026-09-16,San Francisco Giants,SF,140,66,0.4714285714285714,169,92,0.5443786982248521
2026-09-16,Boston Red Sox,BOS,158,77,0.4873417721518987,147,88,0.5986394557823129
2026-09-16,Milwaukee Brewers,MIL,112,50,0.44642857142857145,235,126,0.5361702127659574
2026-09-16,Atlanta Braves,ATL,116,47,0.4051724137931034,167,102,0.6107784431137725
2026-09-16,Washington Nationals,WSH,123,54,0.43902439024390244,193,103,0.533678756476684
2026-09-16,Baltimore Orioles,BAL,160,74,0.4625,149,79,0.5302013422818792
2026-09-16,Miami Marlins,MIA,147,75,0.5102040816326531,229,138,0.6026200873362445
2026-09-16,Cleveland Guardians,CLE,139,60,0.4316546762589928,184,98,0.532608695652174
2026-09-16,Tampa Bay Rays,TB,142,65,0.45774647887323944,172,104,0.6046511627906976
2026-09-16,Pittsburgh Pirates,PIT,150,66,0.44,175,88,0.5028571428571429
2026-09-16,Los Angeles Angels,LAA,164,75,0.4573170731707317,180,110,0.6111111111111112
2026-09-16,Seattle Mariners,SEA,154,63,0.4090909090909091,156,91,0.5833333333333334
2026-09-16,Colorado Rockies,COL,171,70,0.4093567251461988,195,125,0.6410256410256411
2026-09-17,Kansas City Royals,KC,145,81,0.5586206896551724,163,91,0.558282208588957
2026-09-17,Athletics,ATH,139,77,0.5539568345323741,210,133,0.6333333333333333
2026-09-17,Chicago Cubs,CHC,152,76,0.5,168,112,0.6666666666666666
2026-09-17,Cincinnati Reds,CIN,161,89,0.5527950310559007,188,126,0.6702127659574468
2026-09-17,Detroit Tigers,DET,160,85,0.53125,149,95,0.6375838926174496
2026-09-17,Arizona Diamondbacks,AZ,138,79,0.572463768115942,153,96,0.6274509803921569
2026-09-17,New York Yankees,NYY,182,95,0.521978021978022,199,116,0.5829145728643216
2026-09-17,Houston Astros,HOU,176,91,0.5170454545454546,185,99,0.5351351351351351
2026-09-17,Toronto Blue Jays,TOR,146,81,0.5547945205479452,179,100,0.5586592178770949
2026-09-17,Los Angeles Dodgers,LAD,152,78,0.5131578947368421,141,84,0.5957446808510638
2026-09-17,Texas Rangers,TEX,134,68,0.5074626865671642,143,92,0.6433566433566433
2026-09-17,New York Mets,NYM,183,94,0.5136612021857924,179,95,0.5307262569832403
2026-09-17,Philadelphia Phillies,PHI,175,83,0.4742857142857143,135,91,0.674074074074074
2026-09-17,St. Louis Cardinals,STL,127,58,0.4566929133858268,142,76,0.5352112676056338
2026-09-17,Chicago White Sox,CWS,149,73,0.4899328859060403,258,128,0.49612403100775193
2026-09-17,Minnesota Twins,MIN,173,87,0.5028901734104047,251,145,0.5776892430278885
2026-09-17,Boston Red Sox,BOS,161,80,0.4968944099378882,150,91,0.6066666666666667
2026-09-17,San Diego Padres,SD,124,57,0.4596774193548387,188,103,0.5478723404255319
2026-09-17,San Francisco Giants,SF,141,67,0.475177304964539,173,93,0.5375722543352601
2026-09-17,Milwaukee Brewers,MIL,113,51,0.45132743362831856,235,126,0.5361702127659574
2026-09-17,Atlanta Braves,ATL,117,48,0.41025641025641024,168,103,0.6130952380952381
2026-09-17,Miami Marlins,MIA,149,76,0.5100671140939598,231,139,0.6017316017316018
2026-09-17,Washington Nationals,WSH,125,54,0.432,193,103,0.533678756476684
2026-09-17,Baltimore Orioles,BAL,160,74,0.4625,150,80,0.5333333333333333
2026-09-17,Cleveland Guardians,CLE,139,60,0.4316546762589928,184,98,0.532608695652174
2026-09-17,Tampa Bay Rays,TB,142,65,0.45774647887323944,173,104,0.6011560693641619
2026-09-17,Pittsburgh Pirates,PIT,152,67,0.4407894736842105,176,89,0.5056818181818182
2026-09-17,Los Angeles Angels,LAA,164,75,0.4573170731707317,182,111,0.6098901098901099
2026-09-17,Seattle Mariners,SEA,154,63,0.4090909090909091,157,92,0.5859872611464968
2026-09-17,Colorado Rockies,COL,171,70,0.4093567251461988,197,127,0.6446700507614214
2026-09-18,Kansas City Royals,KC,145,81,0.5586206896551724,165,92,0.5575757575757576
2026-09-18,Chicago Cubs,CHC,152,76,0.5,168,112,0.6666666666666666
2026-09-18,Athletics,ATH,140,77,0.55,210,133,0.6333333333333333
2026-09-18,Cincinnati Reds,CIN,161,89,0.5527950310559007,190,127,0.6684210526315789
2026-09-18,Detroit Tigers,DET,162,86,0.5308641975308642,149,95,0.6375838926174496
2026-09-18,Arizona Diamondbacks,AZ,138,79,0.572463768115942,153,96,0.6274509803921569
2026-09-18,New York Yankees,NYY,182,95,0.521978021978022,199,116,0.5829145728643216
2026-09-18,Houston Astros,HOU,176,91,0.5170454545454546,186,99,0.532258064516129
2026-09-18,Toronto Blue Jays,TOR,146,81,0.5547945205479452,179,100,0.5586592178770949
2026-09-18,Los Angeles Dodgers,LAD,152,78,0.5131578947368421,144,86,0.5972222222222222
2026-09-18,Texas Rangers,TEX,134,68,0.5074626865671642,145,93,0.6413793103448275
2026-09-18,New York Mets,NYM,183,94,0.5136612021857924,181,95,0.5248618784530387
2026-09-18,Philadelphia Phillies,PHI,176,83,0.4715909090909091,136,91,0.6691176470588235
2026-09-18,Chicago White Sox,CWS,150,74,0.49333333333333335,260,128,0.49230769230769234
2026-09-18,St. Louis Cardinals,STL,127,58,0.4566929133858268,142,76,0.5352112676056338
2026-09-18,Minnesota Twins,MIN,175,88,0.5028571428571429,254,147,0.5787401574803149
2026-09-18,Boston Red Sox,BOS,161,80,0.4968944099378882,151,91,0.6026490066225165
2026-09-18,San Diego Padres,SD,125,57,0.456,190,104,0.5473684210526316
2026-09-18,San Francisco Giants,SF,141,67,0.475177304964539,173,93,0.5375722543352601
2026-09-18,Milwaukee Brewers,MIL,115,52,0.45217391304347826,237,128,0.540084388185654
2026-09-18,Atlanta Braves,ATL,117,48,0.41025641025641024,168,103,0.6130952380952381
2026-09-18,Miami Marlins,MIA,149,76,0.5100671140939598,231,139,0.6017316017316018
2026-09-18,Washington Nationals,WSH,125,54,0.432,193,103,0.533678756476684
2026-09-18,Baltimore Orioles,BAL,160,74,0.4625,150,80,0.5333333333333333
2026-09-18,Cleveland Guardians,CLE,139,60,0.4316546762589928,184,98,0.532608695652174
2026-09-18,Tampa Bay Rays,TB,144,67,0.4652777777777778,175,105,0.6
2026-09-18,Los Angeles Angels,LAA,166,77,0.463855421686747,185,113,0.6108108108108108
2026-09-18,Pittsburgh Pirates,PIT,155,69,0.44516129032258067,180,93,0.5166666666666667
2026-09-18,Seattle Mariners,SEA,154,63,0.4090909090909091,157,92,0.5859872611464968
2026-09-18,Colorado Rockies,COL,171,70,0.4093567251461988,198,127,0.6414141414141414
2026-09-19,Kansas City Royals,KC,146,81,0.5547945205479452,167,94,0.562874251497006
2026-09-19,Chicago Cubs,CHC,153,76,0.49673202614379086,169,113,0.6686390532544378
2026-09-19,Athletics,ATH,142,78,0.5492957746478874,211,134,0.6350710900473934
2026-09-19,Cincinnati Reds,CIN,162,90,0.5555555555555556,191,127,0.6649214659685864
2026-09-19,Detroit Tigers,DET,163,86,0.5276073619631901,150,95,0.6333333333333333
2026-09-19,New York Yankees,NYY,182,95,0.521978021978022,201,117,0.582089552238806
2026-09-19,Arizona Diamondbacks,AZ,139,79,0.5683453237410072,154,97,0.6298701298701299
2026-09-19,Toronto Blue Jays,TOR,147,82,0.5578231292517006,180,100,0.5555555555555556
2026-09-19,Houston Astros,HOU,178,91,0.5112359550561798,188,101,0.5372340425531915
2026-09-19,Los Angeles Dodgers,LAD,154,80,0.5194805194805194,145,86,0.593103448275862
2026-09-19,New York Mets,NYM,184,95,0.5163043478260869,181,95,0.5248618784530387
2026-09-19,Texas Rangers,TEX,134,68,0.5074626865671642,147,95,0.6462585034013606
2026-09-19,Chicago White Sox,CWS,151,75,0.4966887417218543,264,130,0.49242424242424243
2026-09-19,Philadelphia Phillies,PHI,177,83,0.4689265536723164,136,91,0.6691176470588235
2026-09-19,St. Louis Cardinals,STL,128,58,0.453125,143,76,0.5314685314685315
2026-09-19,Minnesota Twins,MIN,175,88,0.5028571428571429,257,150,0.5836575875486382
2026-09-19,San Francisco Giants,SF,141,67,0.475177304964539,174,94,0.5402298850574713
2026-09-19,Boston Red Sox,BOS,163,80,0.49079754601226994,151,91,0.6026490066225165
2026-09-19,San Diego Padres,SD,126,57,0.4523809523809524,193,106,0.5492227979274611
2026-09-19,Milwaukee Brewers,MIL,117,53,0.452991452991453,239,129,0.5397489539748954
2026-09-19,Atlanta Braves,ATL,117,48,0.41025641025641024,169,103,0.6094674556213018
2026-09-19,Miami Marlins,MIA,150,76,0.5066666666666667,234,142,0.6068376068376068
2026-09-19,Washington Nationals,WSH,126,55,0.4365079365079365,194,104,0.5360824742268041
2026-09-19,Baltimore Orioles,BAL,162,75,0.46296296296296297,151,80,0.5298013245033113
2026-09-19,Cleveland Guardians,CLE,139,60,0.4316546762589928,186,99,0.532258064516129
2026-09-19,Tampa Bay Rays,TB,146,67,0.4589041095890411,175,105,0.6
2026-09-19,Pittsburgh Pirates,PIT,157,71,0.45222929936305734,182,94,0.5164835164835165
2026-09-19,Los Angeles Angels,LAA,167,77,0.46107784431137727,185,113,0.6108108108108108
2026-09-19,Seattle Mariners,SEA,154,63,0.4090909090909091,159,94,0.5911949685534591
2026-09-19,Colorado Rockies,COL,172,71,0.4127906976744186,199,128,0.6432160804020101
2026-09-20,Kansas City Royals,KC,147,81,0.5510204081632653,169,95,0.5621301775147929
2026-09-20,Athletics,ATH,147,83,0.564625850340136,211,134,0.6350710900473934
2026-09-20,Chicago Cubs,CHC,154,77,0.5,169,113,0.6686390532544378
2026-09-20,Cincinnati Reds,CIN,163,90,0.5521472392638037,193,129,0.6683937823834197
2026-09-20,Arizona Diamondbacks,AZ,141,81,0.574468085106383,155,97,0.6258064516129033
2026-09-20,New York Yankees,NYY,182,95,0.521978021978022,202,118,0.5841584158415841
2026-09-20,Detroit Tigers,DET,164,86,0.524390243902439,151,95,0.6291390728476821
2026-09-20,Toronto Blue Jays,TOR,148,83,0.5608108108108109,181,101,0.5580110497237569
2026-09-20,Houston Astros,HOU,178,91,0.5112359550561798,192,104,0.5416666666666666
2026-09-20,Los Angeles Dodgers,LAD,156,81,0.5192307692307693,145,86,0.593103448275862
2026-09-20,New York Mets,NYM,184,95,0.5163043478260869,183,95,0.5191256830601093
2026-09-20,Texas Rangers,TEX,134,68,0.5074626865671642,147,95,0.6462585034013606
2026-09-20,Chicago White Sox,CWS,152,76,0.5,268,132,0.4925373134328358
2026-09-20,Philadelphia Phillies,PHI,178,84,0.47191011235955055,137,92,0.6715328467153284
2026-09-20,St. Louis Cardinals,STL,130,58,0.4461538461538462,144,77,0.5347222222222222
2026-09-20,Minnesota Twins,MIN,176,88,0.5,258,150,0.5813953488372093
2026-09-20,Milwaukee Brewers,MIL,118,54,0.4576271186440678,240,130,0.5416666666666666
2026-09-20,San Francisco Giants,SF,142,67,0.47183098591549294,175,95,0.5428571428571428
2026-09-20,Boston Red Sox,BOS,163,80,0.49079754601226994,152,92,0.6052631578947368
2026-09-20,San Diego Padres,SD,126,57,0.4523809523809524,195,106,0.5435897435897435
2026-09-20,Atlanta Braves,ATL,118,49,0.4152542372881356,172,105,0.6104651162790697
2026-09-20,Washington Nationals,WSH,128,57,0.4453125,197,106,0.5380710659898477
2026-09-20,Baltimore Orioles,BAL,163,75,0.4601226993865031,152,80,0.5263157894736842
2026-09-20,Miami Marlins,MIA,152,76,0.5,235,143,0.6085106382978723
2026-09-20,Cleveland Guardians,CLE,139,60,0.4316546762589928,187,100,0.5347593582887701
2026-09-20,Tampa Bay Rays,TB,147,67,0.4557823129251701,176,105,0.5965909090909091
2026-09-20,Pittsburgh Pirates,PIT,157,71,0.45222929936305734,184,94,0.5108695652173914
2026-09-20,Los Angeles Angels,LAA,167,77,0.46107784431137727,185,113,0.6108108108108108
2026-09-20,Seattle Mariners,SEA,155,64,0.4129032258064516,162,97,0.5987654320987654
2026-09-20,Colorado Rockies,COL,172,71,0.4127906976744186,200,129,0.645
2026-09-21,Kansas City Royals,KC,149,82,0.5503355704697986,171,97,0.5672514619883041
2026-09-21,Athletics,ATH,147,83,0.564625850340136,212,134,0.6320754716981132
2026-09-21,Chicago Cubs,CHC,155,78,0.5032258064516129,169,113,0.6686390532544378
2026-09-21,Cincinnati Reds,CIN,163,90,0.5521472392638037,193,129,0.6683937823834197
2026-09-21,Detroit Tigers,DET,167,89,0.5329341317365269,151,95,0.6291390728476821
2026-09-21,New York Yankees,NYY,182,95,0.521978021978022,204,119,0.5833333333333334
2026-09-21,Arizona Diamondbacks,AZ,142,81,0.5704225352112676,156,98,0.6282051282051282
2026-09-21,Toronto Blue Jays,TOR,148,83,0.5608108108108109,182,101,0.554945054945055
2026-09-21,Houston Astros,HOU,178,91,0.5112359550561798,192,104,0.5416666666666666
2026-09-21,Los Angeles Dodgers,LAD,157,81,0.5159235668789809,146,86,0.589041095890411
2026-09-21,New York Mets,NYM,184,95,0.5163043478260869,186,97,0.521505376344086
2026-09-21,Texas Rangers,TEX,135,69,0.5111111111111111,147,95,0.6462585034013606
2026-09-21,Philadelphia Phillies,PHI,178,84,0.47191011235955055,139,94,0.6762589928057554
2026-09-21,Chicago White Sox,CWS,154,76,0.4935064935064935,268,132,0.4925373134328358
2026-09-21,St. Louis Cardinals,STL,130,58,0.4461538461538462,144,77,0.5347222222222222
2026-09-21,Milwaukee Brewers,MIL,119,55,0.46218487394957986,240,130,0.5416666666666666
2026-09-21,Minnesota Twins,MIN,176,88,0.5,259,151,0.583011583011583
2026-09-21,San Francisco Giants,SF,143,67,0.46853146853146854,176,96,0.5454545454545454
2026-09-21,San Diego Padres,SD,126,57,0.4523809523809524,197,107,0.5431472081218274
2026-09-21,Boston Red Sox,BOS,164,80,0.4878048780487805,152,92,0.6052631578947368
2026-09-21,Atlanta Braves,ATL,118,49,0.4152542372881356,174,107,0.6149425287356322
2026-09-21,Washington Nationals,WSH,128,57,0.4453125,199,107,0.5376884422110553
2026-09-21,Baltimore Orioles,BAL,165,77,0.4666666666666667,153,81,0.5294117647058824
2026-09-21,Miami Marlins,MIA,153,77,0.5032679738562091,235,143,0.6085106382978723
2026-09-21,Cleveland Guardians,CLE,139,60,0.4316546762589928,189,100,0.5291005291005291
2026-09-21,Tampa Bay Rays,TB,147,67,0.4557823129251701,178,106,0.5955056179775281
2026-09-21,Los Angeles Angels,LAA,169,78,0.46153846153846156,188,115,0.6117021276595744
2026-09-21,Pittsburgh Pirates,PIT,158,71,0.44936708860759494,185,94,0.5081081081081081
2026-09-21,Seattle Mariners,SEA,157,66,0.42038216560509556,163,98,0.6012269938650306
2026-09-21,Colorado Rockies,COL,174,72,0.41379310344827586,200,129,0.645
2026-09-22,Kansas City Royals,KC,149,82,0.5503355704697986,171,97,0.5672514619883041
2026-09-22,Athletics,ATH,147,83,0.564625850340136,212,134,0.6320754716981132
2026-09-22,Chicago Cubs,CHC,155,78,0.5032258064516129,169,113,0.6686390532544378
2026-09-22,Cincinnati Reds,CIN,163,90,0.5521472392638037,193,129,0.6683937823834197
2026-09-22,Detroit Tigers,DET,168,90,0.5357142857142857,151,95,0.6291390728476821
2026-09-22,New York Yankees,NYY,182,95,0.521978021978022,204,119,0.5833333333333334
2026-09-22,Arizona Diamondbacks,AZ,142,81,0.5704225352112676,156,98,0.6282051282051282
2026-09-22,Toronto Blue Jays,TOR,150,83,0.5533333333333333,183,102,0.5573770491803278
2026-09-22,Houston Astros,HOU,178,91,0.5112359550561798,192,104,0.5416666666666666
2026-09-22,Los Angeles Dodgers,LAD,157,81,0.5159235668789809,146,86,0.589041095890411
2026-09-22,New York Mets,NYM,184,95,0.5163043478260869,186,97,0.521505376344086
2026-09-22,Texas Rangers,TEX,135,69,0.5111111111111111,147,95,0.6462585034013606
2026-09-22,Philadelphia Phillies,PHI,178,84,0.47191011235955055,139,94,0.6762589928057554
2026-09-22,Chicago White Sox,CWS,154,76,0.4935064935064935,268,132,0.4925373134328358
2026-09-22,St. Louis Cardinals,STL,130,58,0.4461538461538462,144,77,0.5347222222222222
2026-09-22,San Francisco Giants,SF,144,68,0.4722222222222222,177,96,0.5423728813559322
2026-09-22,Minnesota Twins,MIN,178,89,0.5,262,154,0.5877862595419847
2026-09-22,Milwaukee Brewers,MIL,119,55,0.46218487394957986,240,130,0.5416666666666666
2026-09-22,San Diego Padres,SD,126,57,0.4523809523809524,197,107,0.5431472081218274
2026-09-22,Boston Red Sox,BOS,164,80,0.4878048780487805,152,92,0.6052631578947368
2026-09-22,Atlanta Braves,ATL,118,49,0.4152542372881356,174,107,0.6149425287356322
2026-09-22,Baltimore Orioles,BAL,165,77,0.4666666666666667,154,81,0.525974025974026
2026-09-22,Washington Nationals,WSH,129,57,0.4418604651162791,200,107,0.535
2026-09-22,Miami Marlins,MIA,153,77,0.5032679738562091,235,143,0.6085106382978723
2026-09-22,Cleveland Guardians,CLE,139,60,0.4316546762589928,189,100,0.5291005291005291
2026-09-22,Tampa Bay Rays,TB,147,67,0.4557823129251701,178,106,0.5955056179775281
2026-09-22,Los Angeles Angels,LAA,169,78,0.46153846153846156,188,115,0.6117021276595744
2026-09-22,Pittsburgh Pirates,PIT,158,71,0.44936708860759494,185,94,0.5081081081081081
2026-09-22,Seattle Mariners,SEA,157,66,0.42038216560509556,163,98,0.6012269938650306
2026-09-22,Colorado Rockies,COL,174,72,0.41379310344827586,200,129,0.645
2026-09-23,Kansas City Royals,KC,149,82,0.5503355704697986,174,98,0.5632183908045977
2026-09-23,Athletics,ATH,149,85,0.5704697986577181,213,135,0.6338028169014085
2026-09-23,Chicago Cubs,CHC,156,78,0.5,171,114,0.6666666666666666
2026-09-23,Cincinnati Reds,CIN,163,90,0.5521472392638037,194,130,0.6701030927835051
2026-09-23,Detroit Tigers,DET,169,90,0.5325443786982249,151,95,0.6291390728476821
2026-09-23,New York Yankees,NYY,183,95,0.5191256830601093,207,120,0.5797101449275363
2026-09-23,Arizona Diamondbacks,AZ,142,81,0.5704225352112676,156,98,0.6282051282051282
2026-09-23,Toronto Blue Jays,TOR,150,83,0.5533333333333333,183,102,0.5573770491803278
2026-09-23,Houston Astros,HOU,180,91,0.5055555555555555,192,104,0.5416666666666666
2026-09-23,Los Angeles Dodgers,LAD,157,81,0.5159235668789809,146,86,0.589041095890411
2026-09-23,Texas Rangers,TEX,136,69,0.5073529411764706,148,96,0.6486486486486487
2026-09-23,New York Mets,NYM,186,95,0.510752688172043,188,99,0.526595744680851
2026-09-23,Philadelphia Phillies,PHI,178,84,0.47191011235955055,139,94,0.6762589928057554
2026-09-23,Chicago White Sox,CWS,156,78,0.5,272,134,0.49264705882352944
2026-09-23,St. Louis Cardinals,STL,130,58,0.4461538461538462,146,78,0.5342465753424658
2026-09-23,San Francisco Giants,SF,144,68,0.4722222222222222,179,97,0.5418994413407822
2026-09-23,Milwaukee Brewers,MIL,122,57,0.4672131147540984,243,133,0.5473251028806584
2026-09-23,Minnesota Twins,MIN,178,89,0.5,263,154,0.5855513307984791
2026-09-23,San Diego Padres,SD,126,57,0.4523809523809524,200,108,0.54
2026-09-23,Atlanta Braves,ATL,118,49,0.4152542372881356,176,109,0.6193181818181818
2026-09-23,Boston Red Sox,BOS,165,80,0.48484848484848486,155,95,0.6129032258064516
2026-09-23,Baltimore Orioles,BAL,165,77,0.4666666666666667,154,81,0.525974025974026
2026-09-23,Washington Nationals,WSH,129,57,0.4418604651162791,202,108,0.5346534653465347
2026-09-23,Miami Marlins,MIA,154,77,0.5,239,144,0.602510460251046
2026-09-23,Cleveland Guardians,CLE,140,61,0.4357142857142857,192,101,0.5260416666666666
2026-09-23,Tampa Bay Rays,TB,148,68,0.4594594594594595,180,107,0.5944444444444444
2026-09-23,Los Angeles Angels,LAA,171,79,0.4619883040935672,189,115,0.6084656084656085
2026-09-23,Pittsburgh Pirates,PIT,158,71,0.44936708860759494,186,94,0.5053763440860215
2026-09-23,Seattle Mariners,SEA,159,67,0.42138364779874216,164,98,0.5975609756097561
2026-09-23,Colorado Rockies,COL,174,72,0.41379310344827586,201,129,0.6417910447761194
2026-09-24,Athletics,ATH,150,86,0.5733333333333334,215,135,0.627906976744186
2026-09-24,Chicago Cubs,CHC,159,81,0.5094339622641509,173,116,0.6705202312138728
2026-09-24,Kansas City Royals,KC,152,83,0.5460526315789473,174,98,0.5632183908045977
2026-09-24,Detroit Tigers,DET,170,91,0.5352941176470588,152,95,0.625
2026-09-24,Arizona Diamondbacks,AZ,142,81,0.5704225352112676,157,98,0.6242038216560509
2026-09-24,Cincinnati Reds,CIN,164,90,0.5487804878048781,195,131,0.6717948717948717
2026-09-24,New York Yankees,NYY,184,95,0.5163043478260869,208,121,0.5817307692307693
2026-09-24,Toronto Blue Jays,TOR,151,83,0.5496688741721855,184,102,0.5543478260869565
2026-09-24,Houston Astros,HOU,181,91,0.5027624309392266,194,105,0.5412371134020618
2026-09-24,Los Angeles Dodgers,LAD,157,81,0.5159235668789809,146,86,0.589041095890411
2026-09-24,Texas Rangers,TEX,136,69,0.5073529411764706,148,96,0.6486486486486487
2026-09-24,New York Mets,NYM,186,95,0.510752688172043,190,99,0.5210526315789473
2026-09-24,Philadelphia Phillies,PHI,179,84,0.4692737430167598,140,95,0.6785714285714286
2026-09-24,St. Louis Cardinals,STL,131,59,0.45038167938931295,147,79,0.5374149659863946
2026-09-24,Chicago White Sox,CWS,157,78,0.4968152866242038,273,134,0.4908424908424908
2026-09-24,San Francisco Giants,SF,144,68,0.4722222222222222,181,99,0.5469613259668509
2026-09-24,Minnesota Twins,MIN,178,89,0.5,264,154,0.5833333333333334
2026-09-24,Milwaukee Brewers,MIL,123,58,0.4715447154471545,245,134,0.5469387755102041
2026-09-24,Atlanta Braves,ATL,118,49,0.4152542372881356,178,110,0.6179775280898876
2026-09-24,San Diego Padres,SD,126,57,0.4523809523809524,205,111,0.5414634146341464
2026-09-24,Boston Red Sox,BOS,167,81,0.48502994011976047,156,95,0.6089743589743589
2026-09-24,Washington Nationals,WSH,129,57,0.4418604651162791,204,110,0.5392156862745098
2026-09-24,Baltimore Orioles,BAL,168,79,0.47023809523809523,155,81,0.5225806451612903
2026-09-24,Miami Marlins,MIA,157,79,0.5031847133757962,239,144,0.602510460251046
2026-09-24,Cleveland Guardians,CLE,141,61,0.4326241134751773,193,101,0.5233160621761658
2026-09-24,Tampa Bay Rays,TB,150,69,0.46,182,108,0.5934065934065934
2026-09-24,Los Angeles Angels,LAA,172,80,0.46511627906976744,189,115,0.6084656084656085
2026-09-24,Pittsburgh Pirates,PIT,159,71,0.44654088050314467,187,95,0.5080213903743316
2026-09-24,Seattle Mariners,SEA,160,67,0.41875,164,98,0.5975609756097561
2026-09-24,Colorado Rockies,COL,175,73,0.41714285714285715,206,133,0.6456310679611651
